"","sex","age","month","deaths added","ll","ul","yll","ll","ul"
"33","Men","0-4","Jan",35.7832984157799,12.7520899383236,59.0840109893874,2554.92750688668,910.499221596306,4218.59838464226
"149","Men","0-4","Feb",34.2927129341981,11.854599315226,56.9915652068296,2448.49970350174,846.418391107137,4069.19775576763
"199","Men","0-4","Mar",35.3891925908386,11.6870560610123,59.3683741118559,2526.78835098587,834.455802756275,4238.90191158651
"220","Men","0-4","Apr",33.154218567705,10.2808224521154,56.2952513954889,2367.21120573414,734.050723081038,4019.48094963791
"265","Men","0-4","May",34.6953611786635,10.6604445306056,59.0120659155089,2477.24878815657,761.155739485242,4213.46150636733
"306","Men","0-4","Jun",36.0834697843115,10.8767431156589,61.5868793919631,2576.35974259984,776.599458458049,4397.30318858616
"334","Men","0-4","Jul",34.0359539636749,9.84658076596039,58.5132445254247,2430.16711300639,703.045866689572,4177.84565911533
"371","Men","0-4","Aug",32.8886113571231,9.57404051080657,56.482771539267,2348.24685089859,683.586492471589,4032.86988790367
"403","Men","0-4","Sep",34.3696655136182,10.4018628048634,58.6269257906031,2453.99411767234,742.693004267245,4185.96250144906
"67","Men","0-4","Oct",33.4920596333266,10.7298500731384,56.5289088842194,2391.33305781952,766.11129522208,4036.16409433326
"96","Men","0-4","Nov",32.9914553325324,11.0279735300534,55.2200490940767,2355.58991074281,787.397310045811,3942.71150531708
"136","Men","0-4","Dec",33.2985281111493,11.393136893168,55.4660211690172,2377.51490713606,813.469974172198,3960.27391146783
"2073","Men","5-14","Jan",6.77131877803236,-0.27082706147024,13.1094568071137,449.615566861349,-17.9829168816239,870.467931992347
"2189","Men","5-14","Feb",8.15681240646956,1.44337747703327,14.6351081603424,541.612343789579,95.840264475009,971.771181846734
"2239","Men","5-14","Mar",10.410169113376,2.55340245461148,18.3238097813686,691.235229128167,169.545922986202,1216.70096948287
"2260","Men","5-14","Apr",11.9796833271488,4.09455789246671,20.298642383838,795.450972922681,271.87864405979,1347.82985428685
"2305","Men","5-14","May",14.493255187361,6.70414967942397,24.117148253936,962.352144440768,445.155538713752,1601.37864406135
"2346","Men","5-14","Jun",15.9237535166805,7.89924465435385,25.9898702524309,1057.33723350759,524.509845049096,1725.72738476141
"2374","Men","5-14","Jul",15.71794540922,7.3668257079479,25.6558917569519,1043.67157517221,489.157227007741,1703.55121266161
"2411","Men","5-14","Aug",14.4497696932553,6.49865747922117,24.8312863692287,959.464707632149,431.510856620286,1648.79741491679
"2443","Men","5-14","Sep",11.1985723502984,3.80020035867001,19.8151000156244,743.585204059813,252.333303815689,1315.72264103746
"2107","Men","5-14","Oct",7.99405710240394,0.918504446710852,14.7626199807623,530.805391599622,60.9886952616006,980.237966722614
"2136","Men","5-14","Nov",7.37967995256782,-0.684132626944518,14.5113460024849,490.010748850503,-45.426406429116,963.553374564998
"2176","Men","5-14","Dec",5.52403957560866,-2.17496428858863,12.0869184207552,366.796227820415,-144.417628762285,802.571383138144
"441","Men","15-24","Jan",92.6169114749629,46.345946173544,135.942309724411,5223.59380718791,2613.91136418788,7667.14626845677
"557","Men","15-24","Feb",87.6284161171117,45.0999401235549,128.356207634396,4942.2426690051,2543.63662296849,7239.29011057992
"607","Men","15-24","Mar",110.749477585219,61.8660301027579,163.766737881611,6246.27053580636,3489.24409779555,9236.44401652285
"628","Men","15-24","Apr",110.712263708665,66.0656906119409,166.166304706151,6244.17167316871,3726.10495051347,9371.77958542692
"673","Men","15-24","May",119.874885756626,71.7777314687692,179.878692442435,6760.94355667369,4048.26405483858,10145.1582537534
"714","Men","15-24","Jun",135.724923372767,81.798594200565,204.059302419084,7654.88567822407,4613.44071291187,11508.9446564364
"742","Men","15-24","Jul",128.85597096399,75.7735594195448,194.563957898464,7267.47676236902,4273.62875126233,10973.4072254734
"779","Men","15-24","Aug",125.282279032977,73.0389916947564,192.17262419111,7065.92053745992,4119.39913158426,10838.5360043786
"811","Men","15-24","Sep",107.494805220542,57.3402422885738,163.273594111647,6062.70701443857,3233.98966507556,9208.63070789688
"475","Men","15-24","Oct",90.3363695455861,41.1007815326637,136.551967639019,5094.97124237106,2318.08407844223,7701.53097484065
"504","Men","15-24","Nov",82.5485166097163,26.6337061273411,128.139604985694,4655.736336788,1502.14102558204,7227.07372119316
"544","Men","15-24","Dec",78.0778106180678,25.0019380693311,121.744156885594,4403.58851885903,1410.10930711027,6866.3704483475
"849","Men","25-34","Jan",75.7537983219955,1.38174259332795,144.890654005704,3514.97624214059,64.1128563304168,6722.92634586467
"965","Men","25-34","Feb",91.2544060433907,12.9132271911347,164.475725148924,4234.20444041333,599.173741668651,7631.67364691007
"1015","Men","25-34","Mar",128.009987294048,44.2292713198136,219.61168692304,5939.66341044382,2052.23818923935,10189.9822732291
"1036","Men","25-34","Apr",151.770948198013,67.1262379756097,249.366775271634,7042.17199638782,3114.65744206829,11570.6183726038
"1081","Men","25-34","May",174.379844372276,86.0471742510342,284.395259716593,8091.22477887359,3992.58888524799,13195.9400508499
"1122","Men","25-34","Jun",204.567979239416,103.713866417581,331.461296155522,9491.9542367089,4812.32340177576,15379.8041416162
"1150","Men","25-34","Jul",193.090727045766,95.0520574052243,314.967853603913,8959.40973492356,4410.41546360241,14614.5084072216
"1187","Men","25-34","Aug",172.38169554043,80.1179894533143,287.271398700206,7998.51067307596,3717.47471063378,13329.3928996895
"1219","Men","25-34","Sep",138.21088533366,44.8050146831644,242.678516629931,6412.98507948184,2078.95268129883,11260.2831716288
"883","Men","25-34","Oct",93.0192187038608,5.11643741287192,174.739949922847,4316.09174785914,237.402695957257,8107.93367642008
"912","Men","25-34","Nov",72.1005519672181,-24.2769211858312,154.398342318433,3345.46561127892,-1126.44914302257,7164.08308357528
"952","Men","25-34","Dec",54.9961876848177,-35.7491105806376,134.792498418184,2551.82310857554,-1658.75873094159,6254.37192660374
"1257","Men","35-44","Jan",104.722438473977,25.8258972777355,186.965673900784,3811.89676045276,940.062660909571,6805.55052998854
"1373","Men","35-44","Feb",106.04577948879,25.7620106108894,191.005265598792,3860.06637339196,937.737186236373,6952.59166779603
"1423","Men","35-44","Mar",101.794075682469,19.3596911437676,187.623123901846,3705.30435484185,704.692757633142,6829.48171002721
"1444","Men","35-44","Apr",98.1305382247881,10.3819565766849,184.774710633914,3571.95159138229,377.903219391329,6725.79946707447
"1489","Men","35-44","May",99.0916053070571,11.6876048066468,186.869900124028,3606.93443317688,425.428814961945,6802.06436451463
"1530","Men","35-44","Jun",112.077368690629,23.623724794859,208.283839764628,4079.61622033888,859.903582532866,7581.53176743248
"1558","Men","35-44","Jul",109.098539029917,22.3652586429443,203.834177080896,3971.18682068899,814.095414603173,7419.5640457446
"1595","Men","35-44","Aug",105.327769562659,16.321595731471,198.42165504734,3833.9308120808,594.106084625546,7222.54824372317
"1627","Men","35-44","Sep",100.796776312939,15.5770112264566,190.591019820639,3669.00265779099,567.003208643021,6937.51312147125
"1291","Men","35-44","Oct",95.3963398810315,10.3914607512059,180.430029331183,3472.42677166955,378.249171343894,6567.65306765507
"1320","Men","35-44","Nov",96.1400130544428,11.301147823409,180.005953001219,3499.49647518172,411.361780772089,6552.21668924439
"1360","Men","35-44","Dec",90.4585680858089,6.74383560727632,169.577849026835,3292.69187832344,245.475616104858,6172.63370457681
"1665","Men","45-54","Jan",359.257859949262,117.949402512543,589.503729556937,9484.40750266051,3113.86422633114,15562.8984603031
"1781","Men","45-54","Feb",358.08517742241,127.270732227325,586.745587824842,9453.44868395161,3359.94733080137,15490.0835185758
"1831","Men","45-54","Mar",379.936534938183,140.696528461543,630.625305956869,10030.324522368,3714.38835138474,16648.5080772614
"1852","Men","45-54","Apr",361.960993378387,121.218977504427,604.765067414092,9555.77022518943,3200.18100611688,15965.797779732
"1897","Men","45-54","May",383.384297675338,149.416046344019,643.898661742896,10121.3454586289,3944.58362348211,16998.9246700125
"1938","Men","45-54","Jun",423.047631847915,184.995843740685,725.974003716614,11168.4574807849,4883.89027475409,19165.7136981186
"1966","Men","45-54","Jul",428.901281456819,185.732964208583,740.522316069785,11322.99383046,4903.3502551066,19549.7891442423
"2003","Men","45-54","Aug",416.86110550076,178.117508231844,716.760763308148,11005.1331852201,4702.30221732068,18922.4841513351
"2035","Men","45-54","Sep",373.354513097406,145.484345506391,634.988365398741,9856.55914577152,3840.78672136873,16763.6928465268
"1699","Men","45-54","Oct",342.610214491518,115.096954375855,574.014676060005,9044.90966257609,3038.55959552256,15153.9874479841
"1728","Men","45-54","Nov",338.186788519076,104.708382818343,564.082486491103,8928.13121690361,2764.30130640427,14891.7776433651
"1768","Men","45-54","Dec",322.38747274142,82.0289342548238,540.60631822476,8511.02928037348,2165.56386432735,14272.0068011337
"2481","Men","55-64","Jan",553.175215672422,124.350523373111,1034.75418841147,9072.07353702773,2039.34858331902,16969.968689948
"2597","Men","55-64","Feb",503.870620568442,82.798062061229,963.831742370648,8263.47817732246,1357.88821780416,15806.8405748786
"2647","Men","55-64","Mar",474.300212278199,40.3246975443782,946.592465316894,7778.52348136246,661.325039727803,15524.1164311971
"2668","Men","55-64","Apr",386.988250938433,-73.796164271525,834.754758692756,6346.6073153903,-1210.25709405301,13689.9780425612
"2713","Men","55-64","May",329.192920687233,-150.955276599281,768.362202403814,5398.76389927062,-2475.66653622821,12601.1401194225
"2754","Men","55-64","Jun",347.018428726439,-137.900676929894,804.223404007752,5691.10223111361,-2261.57110165026,13189.2638257271
"2782","Men","55-64","Jul",321.905102459185,-180.587869712408,778.78439170698,5279.24368033064,-2961.64106328349,12772.0640239945
"2819","Men","55-64","Aug",348.378528350846,-122.501572199639,801.131605898122,5713.40786495388,-2009.02578407408,13138.5583367292
"2851","Men","55-64","Sep",338.511605429087,-133.864206489514,781.642150526254,5551.59032903703,-2195.37298642803,12818.9312686306
"2515","Men","55-64","Oct",338.381211519655,-126.138068820709,767.516456905552,5549.45186892235,-2068.66432865963,12587.2698932511
"2544","Men","55-64","Nov",382.727195203429,-54.1142363802073,804.80204353995,6276.72600133624,-887.473476635401,13198.7535140552
"2584","Men","55-64","Dec",470.374667947167,54.5148944106698,898.789076665564,7714.14455433355,894.044268334984,14740.1408573153
"2889","Men","65-74","Jan",751.794865405888,194.509989249626,1354.65590529632,4811.48713859769,1244.8639311976,8669.79779389645
"3005","Men","65-74","Feb",746.986846316826,200.832311531231,1356.59789772729,4780.71581642769,1285.32679379988,8682.22654545467
"3055","Men","65-74","Mar",712.546638064267,151.839176507557,1334.71508528079,4560.29848361131,971.770729648369,8542.17654579705
"3076","Men","65-74","Apr",645.887308912056,71.8865397872551,1246.89773136218,4133.67877703716,460.073854638433,7980.14548071794
"3121","Men","65-74","May",571.52461715476,-9.24319279684655,1150.54904369656,3657.75754979047,-59.156433899818,7363.51387965801
"3162","Men","65-74","Jun",543.205229022691,-37.1387130588736,1116.06238690462,3476.51346574522,-237.687763576791,7142.7992761896
"3190","Men","65-74","Jul",499.966530158899,-111.483057571946,1072.95403734426,3199.78579301695,-713.491568460454,6866.90583900324
"3227","Men","65-74","Aug",521.530944355797,-63.9116961640248,1093.84288686608,3337.7980438771,-409.034855449759,7000.59447594289
"3259","Men","65-74","Sep",529.984499141419,-40.5928254454738,1096.26873313853,3391.90079450508,-259.794082851032,7016.11989208658
"2923","Men","65-74","Oct",514.373370633433,-71.6193824118072,1068.60689768469,3291.98957205397,-458.364047435567,6839.08414518204
"2952","Men","65-74","Nov",533.429434843657,-43.9542842096394,1079.34163074735,3413.94838299941,-281.307418941693,6907.78643678303
"2992","Men","65-74","Dec",584.32812733043,35.2583665170399,1117.97781342901,3739.70001491476,225.653545709056,7155.0580059457
"3297","Men","75-84","Jan",561.227015284571,-168.258867808229,1330.68011672601,0,0,0
"3413","Men","75-84","Feb",478.004784340977,-214.978947946305,1188.65052614757,0,0,0
"3463","Men","75-84","Mar",455.61218065976,-257.248715674905,1184.17422293149,0,0,0
"3484","Men","75-84","Apr",390.584946571282,-325.227613956086,1090.69489956011,0,0,0
"3529","Men","75-84","May",365.713563547321,-338.585149609984,1051.37311146909,0,0,0
"3570","Men","75-84","Jun",352.840605878864,-345.269293778843,1029.95365706094,0,0,0
"3598","Men","75-84","Jul",356.978798131824,-333.364841886381,1034.26435405087,0,0,0
"3635","Men","75-84","Aug",392.451139832994,-289.181416757477,1087.77815230334,0,0,0
"3667","Men","75-84","Sep",410.87265318622,-249.842400140579,1101.54718671051,0,0,0
"3331","Men","75-84","Oct",418.576094616342,-238.881315881846,1096.20303121206,0,0,0
"3360","Men","75-84","Nov",424.342111633377,-222.718017329116,1083.72576790529,0,0,0
"3400","Men","75-84","Dec",443.724344792721,-197.554399818257,1092.47966158639,0,0,0
"3705","Men","85+","Jan",594.322203327367,-210.312747397389,1436.8916586272,0,0,0
"3821","Men","85+","Feb",510.189812197981,-234.969588122458,1280.43936394967,0,0,0
"3871","Men","85+","Mar",464.147518162224,-278.547507402151,1224.94863041288,0,0,0
"3892","Men","85+","Apr",393.765321113745,-338.627435934618,1116.8383892686,0,0,0
"3937","Men","85+","May",372.364820416712,-337.352607206475,1075.93689010907,0,0,0
"3978","Men","85+","Jun",358.772083237372,-336.310591424445,1049.086021988,0,0,0
"4006","Men","85+","Jul",330.59255091318,-370.823580941252,1008.31714092143,0,0,0
"4043","Men","85+","Aug",341.978594231292,-345.884390112962,1016.44407209023,0,0,0
"4075","Men","85+","Sep",381.011296176291,-298.789004896843,1071.21846568611,0,0,0
"3739","Men","85+","Oct",404.992055573441,-270.000099006792,1095.0195219208,0,0,0
"3768","Men","85+","Nov",418.448762609259,-253.547163059935,1100.72499004295,0,0,0
"3808","Men","85+","Dec",444.876553770699,-212.157119843795,1114.13212325836,0,0,0
"4113","Women","0-4","Jan",17.6851490677678,-3.9240222828272,39.4348371303081,1347.60835896391,-299.010497951433,3004.93458932948
"4229","Women","0-4","Feb",19.2382317986926,-5.751045938533,44.0724596498451,1465.95326306037,-438.229700516214,3358.32142531819
"4279","Women","0-4","Mar",17.9223134579566,-6.21032882307206,41.8869978206402,1365.6802854963,-473.227056318091,3191.78923393278
"4300","Women","0-4","Apr",18.5035207492169,-6.39463169556357,43.3381524511595,1409.96828109033,-487.270935201944,3302.36721677836
"4345","Women","0-4","May",18.8023202017223,-6.97083056089741,44.3777362644015,1432.73679937124,-531.177288740383,3381.5835033474
"4386","Women","0-4","Jun",21.4600800617385,-3.69557588703679,48.2180016552459,1635.25810070448,-281.602882592203,3674.21172612974
"4414","Women","0-4","Jul",21.9160933097591,-3.09449343123471,48.9888335409142,1670.00631020364,-235.800399460085,3732.94911581766
"4451","Women","0-4","Aug",22.8706677428328,-2.55939776884663,50.8329808433406,1742.74488200386,-195.026109986113,3873.47314026256
"4483","Women","0-4","Sep",22.1356992833775,-2.56595619769692,49.2135721485466,1686.74028539336,-195.525862264505,3750.07419771925
"4147","Women","0-4","Oct",21.8990141713691,-3.16421165619847,48.5504064758175,1668.70487985833,-241.112928202324,3699.5409734573
"4176","Women","0-4","Nov",17.6200048434599,-4.69579495796722,40.0318493811699,1342.64436907165,-357.819575797102,3050.42692284515
"4216","Women","0-4","Dec",17.3706635718946,-5.03213532495215,39.4630766020716,1323.64456417837,-383.448711761354,3007.08643707786
"6153","Women","5-14","Jan",7.30075346370611,2.11543601804028,12.4790765000757,519.813646615875,150.619044484468,888.51024680539
"6269","Women","5-14","Feb",7.87853470354263,2.37277572145129,13.5002447085216,560.951670892235,168.941631367332,961.217423246735
"6319","Women","5-14","Mar",7.96264973055949,2.46327682368184,13.8601239664453,566.940660815835,175.385309846147,986.840826410908
"6340","Women","5-14","Apr",6.6903228768507,1.89771891603445,11.7478837393113,476.35098883177,135.117586821653,836.449322238966
"6385","Women","5-14","May",7.54084776822429,2.26424343013264,13.3324097246508,536.908361097569,161.214132225444,949.267572395138
"6426","Women","5-14","Jun",7.69675305794051,2.45687417701505,13.6176980217055,548.008817725364,174.929441403472,969.580099145434
"6454","Women","5-14","Jul",8.23747776306934,2.70274819485131,14.7280738186562,586.508416730537,192.435671473413,1048.63885588832
"6491","Women","5-14","Aug",7.47528401567343,2.45698628385467,13.4470020227488,532.240221915948,174.937423410453,957.426544019714
"6523","Women","5-14","Sep",7.09185054029384,2.02460775039846,12.7502246543513,504.939758468921,144.15207182837,907.815995389812
"6187","Women","5-14","Oct",5.75762026379453,1.27375856523726,10.2847989114811,409.94256278217,90.6916098448929,732.277682497453
"6216","Women","5-14","Nov",5.20378221119819,0.701616421766495,9.3826431064399,370.509293437311,49.9550892297744,668.044189178521
"6256","Women","5-14","Dec",5.33884749445456,0.864980528175973,9.48943804131083,380.125941605165,61.5866136061293,675.647988541331
"4521","Women","15-24","Jan",12.6195287626628,-1.7785831491083,27.4176941479077,772.315160274965,-108.849288725428,1677.96288185195
"4637","Women","15-24","Feb",13.2654481775713,-1.97276650460835,29.0120377894808,811.845428467362,-120.733310082031,1775.53671271623
"4687","Women","15-24","Mar",14.9982893057659,-1.7641243067207,33.0088518339106,917.895305512875,-107.964407571307,2020.14173223533
"4708","Women","15-24","Apr",14.1860402748923,-2.19012849480667,31.6932667958868,868.185664823412,-134.035863882168,1939.62792790828
"4753","Women","15-24","May",13.4076605092835,-2.73178266035456,30.5025349039,820.548823168151,-167.185098813699,1866.75513611868
"4794","Women","15-24","Jun",13.9983282581811,-2.9967995826781,32.0232278890189,856.697689400684,-183.4041344599,1959.82154680796
"4822","Women","15-24","Jul",14.2112050789677,-3.70955852899348,33.0916188150113,869.725750832825,-227.024981974401,2025.20707147869
"4859","Women","15-24","Aug",12.6560060456752,-4.25738880170761,30.0349455122248,774.547569995325,-260.552194664506,1838.13866534816
"4891","Women","15-24","Sep",11.8292019873201,-4.57455027793478,28.3971834597207,723.947161623988,-279.962477009609,1737.90762773491
"4555","Women","15-24","Oct",12.0185259635117,-4.43054968057887,28.5111415035643,735.533788966915,-271.149640451427,1744.88186001813
"4584","Women","15-24","Nov",11.4501954556074,-4.55404027531493,27.1447277270861,700.751961883172,-278.707264849274,1661.25733689767
"4624","Women","15-24","Dec",10.8539098947082,-4.23357066196042,25.4838093249595,664.259285556139,-259.094524511978,1559.60913068752
"4929","Women","25-34","Jan",38.6167116826117,11.0876809912478,66.939198695087,1977.17563814972,567.689266751889,3427.28697318846
"5045","Women","25-34","Feb",39.9218032632847,10.9722006152214,69.9105214952319,2043.99632708018,561.776671499335,3579.41870055588
"5095","Women","25-34","Mar",42.1970306084278,10.6041449733923,75.3983926982178,2160.4879671515,542.932222637685,3860.39770614875
"5116","Women","25-34","Apr",38.4016677343885,7.86841107891683,69.8080985964462,1966.16538800069,402.862647240541,3574.17464813804
"5161","Women","25-34","May",36.7477497382896,7.39096748291152,67.4403347651388,1881.48478660043,378.41753512507,3452.9451399751
"5202","Women","25-34","Jun",41.0109011247469,8.95486738729155,75.4565229226137,2099.75813758704,458.489210229327,3863.37397363782
"5230","Women","25-34","Jul",39.7914068928862,7.78366793519106,73.8018729029523,2037.32003291577,398.523798281782,3778.65589263116
"5267","Women","25-34","Aug",39.3515281077154,7.10492890875339,73.1538583830634,2014.79823911503,363.772360128174,3745.47754921284
"5299","Women","25-34","Sep",35.6968947591067,6.04266392737044,66.3029808250036,1827.68101166626,309.384393081367,3394.71261824018
"4963","Women","25-34","Oct",35.7059810416112,6.11207541373236,65.5755593673371,1828.14622933049,312.938261183097,3357.46863960766
"4992","Women","25-34","Nov",34.7898417224816,5.41264553446273,63.4764436423825,1781.23989619106,277.127451364492,3249.99391448998
"5032","Women","25-34","Dec",34.5058607065253,6.71514858950729,61.6047910620733,1766.7000681741,343.815607782773,3154.16530237815
"5337","Women","35-44","Jan",69.0233947648321,13.1636792098845,126.646480201562,2843.76386431108,542.343583447242,5217.83498430436
"5453","Women","35-44","Feb",70.3842119981738,13.2903543562322,130.116852043516,2899.82953432476,547.562599476768,5360.81430419284
"5503","Women","35-44","Mar",69.3180486022006,11.2554494191517,131.033734156247,2855.90360241067,463.724516069049,5398.58984723736
"5524","Women","35-44","Apr",65.58870843611,8.28658101292959,126.212919764166,2702.25478756773,341.407137732699,5199.97229428363
"5569","Women","35-44","May",64.2654307503354,5.30396811065151,126.196016155467,2647.73574691382,218.523486158842,5199.27586560525
"5610","Women","35-44","Jun",62.4828967008973,2.62313225319482,124.447632645053,2574.29534407697,108.073048831627,5127.24246497617
"5638","Women","35-44","Jul",59.8030003927464,-2.74380021782771,121.98402739944,2463.88361618115,-113.044568974501,5025.74192885694
"5675","Women","35-44","Aug",60.4509749471091,-1.45535215717312,122.665782313395,2490.5801678209,-59.9605088755325,5053.83023131187
"5707","Women","35-44","Sep",62.9135472486404,2.55511653440001,125.434364927805,2592.03814664399,105.27080121728,5167.89583502558
"5371","Women","35-44","Oct",61.9722126572152,4.12768766361399,121.343288317609,2553.25516147727,170.060731740896,4999.3434786855
"5400","Women","35-44","Nov",60.8694244170882,3.04700403838293,118.274633254832,2507.82028598403,125.536566381377,4872.91489009906
"5440","Women","35-44","Dec",59.6708121340389,3.46979296670688,114.469431890705,2458.4374599224,142.955470228324,4716.14059389706
"5745","Women","45-54","Jan",150.278632509241,-2.73470025172132,306.273119473344,4688.69333428832,-85.3226478537051,9555.72132756834
"5861","Women","45-54","Feb",154.802964447495,0.56948900684766,315.016657340573,4829.85249076185,17.768057013647,9828.51970902588
"5911","Women","45-54","Mar",162.492164125532,3.80189377910349,334.159398976072,5069.7555207166,118.619085908029,10425.7732480534
"5932","Women","45-54","Apr",157.818735214069,1.3566777622133,328.532194656431,4923.94453867895,42.3283461810549,10250.2044732807
"5977","Women","45-54","May",160.741363773903,0.92186141850006,338.911299608137,5015.13054974578,28.7620762572019,10574.0325477739
"6018","Women","45-54","Jun",163.71474061721,4.54596162861933,347.256598529253,5107.89990725696,141.834002812923,10834.4058741127
"6046","Women","45-54","Jul",148.79954323365,-10.601920251025,322.90861210868,4642.54574888987,-330.779911831979,10074.7486977908
"6083","Women","45-54","Aug",135.550844766831,-25.9848672126101,301.347748942141,4229.18635672514,-810.727857033434,9402.0497669948
"6115","Women","45-54","Sep",131.211737138095,-26.9529170984765,292.214373139382,4093.80619870856,-840.931013472467,9117.08844194873
"5779","Women","45-54","Oct",125.670614515618,-30.2649219288308,279.774567883974,3920.92317288728,-944.26556417952,8728.96651797999
"5808","Women","45-54","Nov",118.992883073201,-32.3973223384375,265.029433662932,3712.57795188386,-1010.79645695925,8268.91833028348
"5848","Women","45-54","Dec",123.261296398969,-29.940267200962,270.534355928434,3845.75244764785,-934.136336670016,8440.67190496714
"6561","Women","55-64","Jan",288.220170738537,4.21913515211509,586.037278784775,6110.26761965698,89.4456652248398,12423.9903102372
"6677","Women","55-64","Feb",272.50355834519,-14.0650129837034,568.74300994067,5777.07543691803,-298.178275254512,12057.3518107422
"6727","Women","55-64","Mar",271.849190328582,-25.2484986632893,582.606887864849,5763.20283496594,-535.268171661733,12351.2660227348
"6748","Women","55-64","Apr",244.439471847215,-47.906238186807,542.995586206258,5182.11680316095,-1015.61224956031,11511.5064275727
"6793","Women","55-64","May",228.446271472746,-61.9955000320076,521.92666749145,4843.06095522222,-1314.30460067856,11064.8453508187
"6834","Women","55-64","Jun",227.195180907794,-67.2749425988226,525.140124343635,4816.53783524524,-1426.22878309504,11132.9706360851
"6862","Women","55-64","Jul",214.975369631091,-91.349581395243,514.242412558424,4557.47783617913,-1936.61112557915,10901.9391462386
"6899","Women","55-64","Aug",219.214369240506,-78.0603409199966,515.149950743876,4647.34462789872,-1654.87922750393,10921.1789557702
"6931","Women","55-64","Sep",224.338196988519,-65.6662701932153,516.873875918314,4755.96977615661,-1392.12492809616,10957.7261694683
"6595","Women","55-64","Oct",234.457387239769,-49.32913145877,523.420142504945,4970.49660948311,-1045.77758692592,11096.5070211048
"6624","Women","55-64","Nov",237.802039992952,-43.8765736122243,520.846240361423,5041.40324785058,-930.183360579155,11041.9402956622
"6664","Women","55-64","Dec",248.310358580983,-33.8610175363614,529.63936614426,5264.17960191684,-717.853571770861,11228.3545622583
"6969","Women","65-74","Jan",418.794924146942,-21.7387674441126,876.834886143952,4690.50315044575,-243.474195374061,9820.55072481226
"7085","Women","65-74","Feb",395.593476875656,-32.2869672234357,842.000125053633,4430.64694100735,-361.61403290248,9430.40140060069
"7135","Women","65-74","Mar",380.629866110278,-61.3844192881613,840.225816274736,4263.05450043511,-687.505496027407,9410.52914227705
"7156","Women","65-74","Apr",335.190009464545,-104.249454490667,775.436480698407,3754.12810600291,-1167.59389029547,8684.88858382216
"7201","Women","65-74","May",318.067581391193,-125.584247430066,757.624768268394,3562.35691158136,-1406.54357121675,8485.39740460601
"7242","Women","65-74","Jun",319.262456355534,-120.946952525558,761.170365315712,3575.73951118198,-1354.60586828624,8525.10809153598
"7270","Women","65-74","Jul",324.805030941171,-119.868391516984,775.166810815346,3637.81634654112,-1342.52598499022,8681.86828113188
"7307","Women","65-74","Aug",336.025936229912,-99.8371198404583,787.073638864159,3763.49048577501,-1118.17574221313,8815.22475527859
"7339","Women","65-74","Sep",360.066707312203,-69.1507814238298,820.249866376825,4032.74712189668,-774.488751946894,9186.79850342044
"7003","Women","65-74","Oct",359.331566074691,-62.7592540157461,803.29090870455,4024.51354003654,-702.903644976356,8996.85817749096
"7032","Women","65-74","Nov",332.436556285976,-81.5871167041358,746.992720450316,3723.28943040293,-913.775707086321,8366.31846904354
"7072","Women","65-74","Dec",334.003630055257,-77.9602433046369,740.43109817587,3740.84065661888,-873.154725011933,8292.82829956975
"7377","Women","75-84","Jan",684.438286727058,-55.9374567709548,1448.60014867861,821.325944072471,-67.1249481251459,1738.32017841434
"7493","Women","75-84","Feb",628.812637145454,-77.8628849818698,1355.98951330871,754.575164574546,-93.4354619782439,1627.18741597046
"7543","Women","75-84","Mar",610.737233446929,-96.4701039548042,1347.54451378874,732.884680136316,-115.764124745765,1617.05341654649
"7564","Women","75-84","Apr",564.436756089449,-135.273575850149,1283.77987188499,677.324107307341,-162.328291020179,1540.535846262
"7609","Women","75-84","May",530.605106207254,-150.601901200669,1232.33733093879,636.726127448707,-180.722281440803,1478.80479712655
"7650","Women","75-84","Jun",503.835842317038,-166.368127675979,1189.82987217933,604.603010780447,-199.641753211175,1427.7958466152
"7678","Women","75-84","Jul",474.315167777913,-205.220096388964,1152.26543287596,569.178201333496,-246.264115666758,1382.71851945115
"7715","Women","75-84","Aug",473.105940479768,-202.12372861395,1146.59876924077,567.727128575723,-242.548474336741,1375.91852308893
"7747","Women","75-84","Sep",478.648902846053,-184.496982044896,1143.51076224696,574.378683415264,-221.396378453876,1372.21291469636
"7411","Women","75-84","Oct",493.439122737234,-158.716544240481,1148.62148581728,592.126947284682,-190.459853088578,1378.34578298074
"7440","Women","75-84","Nov",502.903203440384,-147.099895673238,1149.66836431067,603.483844128462,-176.519874807886,1379.6020371728
"7480","Women","75-84","Dec",538.646003116767,-90.1565075278829,1172.41610605368,646.375203740121,-108.18780903346,1406.89932726442
"7785","Women","85+","Jan",699.749192278838,-691.515567219397,2143.74526534272,0,0,0
"7901","Women","85+","Feb",629.700131769503,-633.36516388172,1948.70086399028,0,0,0
"7951","Women","85+","Mar",581.438445614525,-674.128081043066,1891.30334709026,0,0,0
"7972","Women","85+","Apr",501.873685473492,-699.224814339839,1737.42224361537,0,0,0
"8017","Women","85+","May",428.788084436719,-725.607678527027,1595.70379707851,0,0,0
"8058","Women","85+","Jun",392.309799742278,-758.496162050023,1540.28089992659,0,0,0
"8086","Women","85+","Jul",353.759500718133,-804.897890932298,1486.06037787372,0,0,0
"8123","Women","85+","Aug",376.99407543934,-771.75906388365,1516.84355721171,0,0,0
"8155","Women","85+","Sep",401.21073651861,-729.04209674035,1538.27546479462,0,0,0
"7819","Women","85+","Oct",416.837203997945,-718.896617821763,1556.84492960773,0,0,0
"7848","Women","85+","Nov",436.638906613193,-681.032314720303,1561.22683996961,0,0,0
"7888","Women","85+","Dec",456.358481674113,-636.331697001108,1556.59581436215,0,0,0
