icd9in,icd9un,icd10in,icd10un
E904.0,E800,X60 ,V01 
E904.00,E800.0,X61 ,V01.0
E904.01,E800.1,X62 ,V01.1
E904.02,E800.2,X63 ,V01.9
E904.03,E800.3,X64 ,V02 
E904.04,E800.8,X65 ,V02.0
E904.05,E800.9,X66 ,V02.1
E904.06,E801,X67 ,V02.9
E904.07,E801.0,X68 ,V03 
E904.08,E801.1,X69 ,V03.0
E904.09,E801.2,X70 ,V03.1
E950,E801.3,X71 ,V03.9
E950.0,E801.8,X72 ,V04 
E950.1,E801.9,X73 ,V04.0
E950.2,E802,X74 ,V04.1
E950.3,E802.0,X741,V04.9
E950.4,E802.1,X742,V05 
E950.5,E802.2,X743,V05.0
E950.6,E802.3,X744,V05.1
E950.7,E802.8,X749,V05.9
E950.8,E802.9,X75 ,V06 
E950.9,E803,X76 ,V06.0
E951,E803.0,X77 ,V06.1
E951.0,E803.1,X78 ,V06.9
E951.1,E803.2,X79 ,V09 
E951.8,E803.3,X80 ,V09.0 
E952,E803.8,X81 ,V09.1 
E952.0,E803.9,X82 ,V09.2 
E952.1,E804,X83 ,V09.3 
E952.8,E804.0,X84 ,V09.9 
E952.9,E804.1,X85 ,V10 
E953,E804.2,X86 ,V10.0
E953.0,E804.3,X87 ,V10.1
E953.1,E804.8,X88 ,V10.2
E953.8,E804.9,X89 ,V10.3
E953.9,E805,X90 ,V10.4
E954,E805.0,X91 ,V10.5
E955,E805.1,X92 ,V10.9
E955.0,E805.2,X93 ,V11 
E955.1,E805.3,X94 ,V11.0
E955.2,E805.8,X95 ,V11.1
E955.3,E805.9,X951,V11.2
E955.4,E806,X952,V11.3
E955.5,E806.0,X953,V11.4
E955.9,E806.1,X954,V11.5
E956,E806.2,X959,V11.9
E957,E806.3,X96 ,V12 
E957.0,E806.8,X97 ,V12.0
E957.1,E806.9,X98 ,V12.1
E957.2,E807,X99 ,V12.2
E957.9,E807.0,Y00 ,V12.3
E958,E807.1,Y01 ,V12.4
E958.0,E807.2,Y02 ,V12.5
E958.1,E807.3,Y03 ,V12.9
E958.2,E807.8,Y04 ,V13 
E958.3,E807.9,Y05 ,V13.0
E958.4,E810,Y06 ,V13.1
E958.5,E810.0,Y06.0 ,V13.2
E958.6,E810.1,Y06.1 ,V13.3
E958.7,E810.2,Y06.2 ,V13.4
E958.8,E810.3,Y06.8 ,V13.5
E958.9,E810.4,Y06.9 ,V13.9
E959,E810.5,Y07 ,V14 
E960,E810.6,Y07.0 ,V14.0
E960.0,E810.7,Y07.1 ,V14.1
E960.1,E810.8,Y07.2 ,V14.2
E961,E810.9,Y07.3 ,V14.3
E962,E811,Y07.8 ,V14.4
E962.0,E811.0,Y07.9 ,V14.5
E962.1,E811.1,Y08 ,V14.9
E962.2,E811.2,Y09 ,V15 
E962.9,E811.3,Y35 ,V15.0
E963,E811.4,Y35.0 ,V15.1
E964,E811.5,Y35.1 ,V15.2
E965,E811.6,Y35.2 ,V15.3
E965.0,E811.7,Y35.3 ,V15.4
E965.1,E811.8,Y35.4 ,V15.5
E965.2,E811.9,Y35.5 ,V15.9
E965.3,E812,Y35.6 ,V16 
E965.4,E812.0,Y35.7 ,V16.0
E965.5,E812.1,U01.1,V16.1
E965.6,E812.2,Y36 ,V16.2
E965.7,E812.3,Y36.0 ,V16.3
E965.8,E812.4,Y36.1 ,V16.4
E965.9,E812.5,Y36.2 ,V16.5
E966,E812.6,Y36.3 ,V16.9
E967,E812.7,Y36.4 ,V17 
E967.0,E812.8,Y36.5 ,V17.0
E967.1,E812.9,Y36.6 ,V17.1
E967.9,E813,Y36.7 ,V17.2
E968,E813.0,Y36.8 ,V17.3
E968.0,E813.1,Y36.9 ,V17.4
E968.1,E813.2,Y87.0 ,V17.5
E968.2,E813.3,Y87.1 ,V17.9
E968.3,E813.4,Y89.0 ,V18 
E968.4,E813.5,Y89.1 ,V18.0
E968.8,E813.6,,V18.1
E968.9,E813.7,,V18.2
E969,E813.8,,V18.3
E970,E813.9,,V18.4
E971,E814,,V18.5
E972,E814.0,,V18.9
E973,E814.1,,V19 
E974,E814.2,,V19.0 
E975,E814.3,,V19.1 
E976,E814.4,,V19.2 
E977,E814.5,,V19.3 
E978,E814.6,,V19.4 
E990,E814.7,,V19.5 
E990.0,E814.8,,V19.6 
E990.9,E814.9,,V19.8 
E991,E815,,V19.9 
E991.0,E815.0,,V20 
E991.1,E815.1,,V20.0
E991.2,E815.2,,V20.1
E991.3,E815.3,,V20.2
E991.9,E815.4,,V20.3
E992,E815.5,,V20.4
E993,E815.6,,V20.5
E994,E815.7,,V20.9
E995,E815.8,,V21 
E996,E815.9,,V21.0
E997,E816,,V21.1
E997.0,E816.0,,V21.2
E997.1,E816.1,,V21.3
E997.2,E816.2,,V21.4
E997.8,E816.3,,V21.5
E997.9,E816.4,,V21.9
E998,E816.5,,V22 
E999,E816.6,,V22.0
,E816.7,,V22.1
,E816.8,,V22.2
,E816.9,,V22.3
,E817,,V22.4
,E817.0,,V22.5
,E817.1,,V22.9
,E817.2,,V23 
,E817.3,,V23.0
,E817.4,,V23.1
,E817.5,,V23.2
,E817.6,,V23.3
,E817.7,,V23.4
,E817.8,,V23.5
,E817.9,,V23.9
,E818,,V24 
,E818.0,,V24.0
,E818.1,,V24.1
,E818.2,,V24.2
,E818.3,,V24.3
,E818.4,,V24.4
,E818.5,,V24.5
,E818.6,,V24.9
,E818.7,,V25 
,E818.8,,V25.0
,E818.9,,V25.1
,E819,,V25.2
,E819.0,,V25.3
,E819.1,,V25.4
,E819.2,,V25.5
,E819.3,,V25.9
,E819.4,,V26 
,E819.5,,V26.0
,E819.6,,V26.1
,E819.7,,V26.2
,E819.8,,V26.3
,E819.9,,V26.4
,E820,,V26.5
,E820.0,,V26.9
,E820.1,,V27 
,E820.2,,V27.0
,E820.3,,V27.1
,E820.4,,V27.2
,E820.5,,V27.3
,E820.6,,V27.4
,E820.7,,V27.5
,E820.8,,V27.9
,E820.9,,V28 
,E821,,V28.0
,E821.0,,V28.1
,E821.1,,V28.2
,E821.2,,V28.3
,E821.3,,V28.4
,E821.4,,V28.5
,E821.5,,V28.9
,E821.6,,V29 
,E821.7,,V29.0 
,E821.8,,V29.1 
,E821.9,,V29.2 
,E822,,V29.3 
,E822.0,,V29.4 
,E822.1,,V29.5 
,E822.2,,V29.6 
,E822.3,,V29.8 
,E822.4,,V29.9 
,E822.5,,V30 
,E822.6,,V30.0
,E822.7,,V30.1
,E822.8,,V30.2
,E822.9,,V30.3
,E823,,V30.4
,E823.0,,V30.5
,E823.1,,V30.6
,E823.2,,V30.7
,E823.3,,V30.9
,E823.4,,V31 
,E823.5,,V31.0
,E823.6,,V31.1
,E823.7,,V31.2
,E823.8,,V31.3
,E823.9,,V31.4
,E824,,V31.5
,E824.0,,V31.6
,E824.1,,V31.7
,E824.2,,V31.9
,E824.3,,V32 
,E824.4,,V32.0
,E824.5,,V32.1
,E824.6,,V32.2
,E824.7,,V32.3
,E824.8,,V32.4
,E824.9,,V32.5
,E825,,V32.6
,E825.0,,V32.7
,E825.1,,V32.9
,E825.2,,V33 
,E825.3,,V33.0
,E825.4,,V33.1
,E825.5,,V33.2
,E825.6,,V33.3
,E825.7,,V33.4
,E825.8,,V33.5
,E825.9,,V33.6
,E826,,V33.7
,E826.0,,V33.9
,E826.1,,V34 
,E826.2,,V34.0
,E826.3,,V34.1
,E826.4,,V34.2
,E826.8,,V34.3
,E826.9,,V34.4
,E827,,V34.5
,E827.0,,V34.6
,E827.2,,V34.7
,E827.3,,V34.9
,E827.4,,V35 
,E827.8,,V35.0
,E827.9,,V35.1
,E828,,V35.2
,E828.0,,V35.3
,E828.2,,V35.4
,E828.4,,V35.5
,E828.8,,V35.6
,E828.9,,V35.7
,E829,,V35.9
,E829.0,,V36 
,E829.4,,V36.0
,E829.8,,V36.1
,E829.9,,V36.2
,E830,,V36.3
,E830.0,,V36.4
,E830.1,,V36.5
,E830.2,,V36.6
,E830.3,,V36.7
,E830.4,,V36.9
,E830.5,,V37 
,E830.6,,V37.0
,E830.8,,V37.1
,E830.9,,V37.2
,E831,,V37.3
,E831.0,,V37.4
,E831.1,,V37.5
,E831.2,,V37.6
,E831.3,,V37.7
,E831.4,,V37.9
,E831.5,,V38 
,E831.6,,V38.0
,E831.8,,V38.1
,E831.9,,V38.2
,E832,,V38.3
,E832.0,,V38.4
,E832.1,,V38.5
,E832.2,,V38.6
,E832.3,,V38.7
,E832.4,,V38.9
,E832.5,,V39 
,E832.6,,V39.0 
,E832.8,,V39.1 
,E832.9,,V39.2 
,E833,,V39.3 
,E833.0,,V39.4 
,E833.1,,V39.5 
,E833.2,,V39.6 
,E833.3,,V39.8 
,E833.4,,V39.9 
,E833.5,,V40 
,E833.6,,V40.0
,E833.8,,V40.1
,E833.9,,V40.2
,E834,,V40.3
,E834.0,,V40.4
,E834.1,,V40.5
,E834.2,,V40.6
,E834.3,,V40.7
,E834.4,,V40.9
,E834.5,,V41 
,E834.6,,V41.0
,E834.8,,V41.1
,E834.9,,V41.2
,E835,,V41.3
,E835.0,,V41.4
,E835.1,,V41.5
,E835.2,,V41.6
,E835.3,,V41.7
,E835.4,,V41.9
,E835.5,,V42 
,E835.6,,V42.0
,E835.8,,V42.1
,E835.9,,V42.2
,E836,,V42.3
,E836.0,,V42.4
,E836.1,,V42.5
,E836.2,,V42.6
,E836.3,,V42.7
,E836.4,,V42.9
,E836.5,,V43 
,E836.6,,V43.0
,E836.8,,V43.1
,E836.9,,V43.2
,E837,,V43.3
,E837.0,,V43.4
,E837.1,,V43.5
,E837.2,,V43.6
,E837.3,,V43.7
,E837.4,,V43.9
,E837.5,,V44 
,E837.6,,V44.0
,E837.8,,V44.1
,E837.9,,V44.2
,E838,,V44.3
,E838.0,,V44.4
,E838.1,,V44.5
,E838.2,,V44.6
,E838.3,,V44.7
,E838.4,,V44.9
,E838.5,,V45 
,E838.6,,V45.0
,E838.8,,V45.1
,E838.9,,V45.2
,E840,,V45.3
,E840.0,,V45.4
,E840.1,,V45.5
,E840.2,,V45.6
,E840.3,,V45.7
,E840.4,,V45.9
,E840.5,,V46 
,E840.6,,V46.0
,E840.7,,V46.1
,E840.8,,V46.2
,E840.9,,V46.3
,E841,,V46.4
,E841.0,,V46.5
,E841.1,,V46.6
,E841.2,,V46.7
,E841.3,,V46.9
,E841.4,,V47 
,E841.5,,V47.0
,E841.6,,V47.1
,E841.7,,V47.2
,E841.8,,V47.3
,E841.9,,V47.4
,E842,,V47.5
,E842.6,,V47.6
,E842.7,,V47.7
,E842.8,,V47.9
,E842.9,,V48 
,E843,,V48.0
,E843.0,,V48.1
,E843.1,,V48.2
,E843.2,,V48.3
,E843.3,,V48.4
,E843.4,,V48.5
,E843.5,,V48.6
,E843.6,,V48.7
,E843.7,,V48.9
,E843.8,,V49 
,E843.9,,V49.0 
,E844,,V49.1 
,E844.0,,V49.2 
,E844.1,,V49.3 
,E844.2,,V49.4 
,E844.3,,V49.5 
,E844.4,,V49.6 
,E844.5,,V49.8 
,E844.6,,V49.9 
,E844.7,,V50 
,E844.8,,V50.0
,E844.9,,V50.1
,E845,,V50.2
,E845.0,,V50.3
,E845.8,,V50.4
,E845.9,,V50.5
,E846,,V50.6
,E847,,V50.7
,E848,,V50.9
,E850.3,,V51 
,E850.30,,V51.0
,E850.31,,V51.1
,E850.32,,V51.2
,E850.33,,V51.3
,E850.34,,V51.4
,E850.35,,V51.5
,E850.36,,V51.6
,E850.37,,V51.7
,E850.38,,V51.9
,E850.39,,V52 
,E850.4,,V52.0
,E850.40,,V52.1
,E850.41,,V52.2
,E850.42,,V52.3
,E850.43,,V52.4
,E850.44,,V52.5
,E850.45,,V52.6
,E850.46,,V52.7
,E850.47,,V52.9
,E850.48,,V53 
,E850.49,,V53.0
,E850.5,,V53.1
,E850.50,,V53.2
,E850.51,,V53.3
,E850.52,,V53.4
,E850.53,,V53.5
,E850.54,,V53.6
,E850.55,,V53.7
,E850.56,,V53.9
,E850.57,,V54 
,E850.58,,V54.0
,E850.59,,V54.1
,E850.6,,V54.2
,E850.60,,V54.3
,E850.61,,V54.4
,E850.62,,V54.5
,E850.63,,V54.6
,E850.64,,V54.7
,E850.65,,V54.9
,E850.66,,V55 
,E850.67,,V55.0
,E850.68,,V55.1
,E850.69,,V55.2
,E850.7,,V55.3
,E850.70,,V55.4
,E850.71,,V55.5
,E850.72,,V55.6
,E850.73,,V55.7
,E850.74,,V55.9
,E850.75,,V56 
,E850.76,,V56.0
,E850.77,,V56.1
,E850.78,,V56.2
,E850.79,,V56.3
,E850.8,,V56.4
,E850.80,,V56.5
,E850.81,,V56.6
,E850.82,,V56.7
,E850.83,,V56.9
,E850.84,,V57 
,E850.85,,V57.0
,E850.86,,V57.1
,E850.87,,V57.2
,E850.88,,V57.3
,E850.89,,V57.4
,E855,,V57.5
,E855.0,,V57.6
,E855.00,,V57.7
,E855.01,,V57.9
,E855.02,,V58 
,E855.03,,V58.0
,E855.04,,V58.1
,E855.05,,V58.2
,E855.06,,V58.3
,E855.07,,V58.4
,E855.08,,V58.5
,E855.09,,V58.6
,E855.1,,V58.7
,E855.10,,V58.9
,E855.11,,V59 
,E855.12,,V59.0 
,E855.13,,V59.1 
,E855.14,,V59.2 
,E855.15,,V59.3 
,E855.16,,V59.4 
,E855.17,,V59.5 
,E855.18,,V59.6 
,E855.19,,V59.8 
,E855.2,,V59.9 
,E855.20,,V60 
,E855.21,,V60.0
,E855.22,,V60.1
,E855.23,,V60.2
,E855.24,,V60.3
,E855.25,,V60.4
,E855.26,,V60.5
,E855.27,,V60.6
,E855.28,,V60.7
,E855.29,,V60.9
,E855.3,,V61 
,E855.30,,V61.0
,E855.31,,V61.1
,E855.32,,V61.2
,E855.33,,V61.3
,E855.34,,V61.4
,E855.35,,V61.5
,E855.36,,V61.6
,E855.37,,V61.7
,E855.38,,V61.9
,E855.39,,V62 
,E855.4,,V62.0
,E855.40,,V62.1
,E855.41,,V62.2
,E855.42,,V62.3
,E855.43,,V62.4
,E855.44,,V62.5
,E855.45,,V62.6
,E855.46,,V62.7
,E855.47,,V62.9
,E855.48,,V63 
,E855.49,,V63.0
,E855.5,,V63.1
,E855.50,,V63.2
,E855.51,,V63.3
,E855.52,,V63.4
,E855.53,,V63.5
,E855.54,,V63.6
,E855.55,,V63.7
,E855.56,,V63.9
,E855.57,,V64 
,E855.58,,V64.0
,E855.59,,V64.1
,E855.6,,V64.2
,E855.60,,V64.3
,E855.61,,V64.4
,E855.62,,V64.5
,E855.63,,V64.6
,E855.64,,V64.7
,E855.65,,V64.9
,E855.66,,V65 
,E855.67,,V65.0
,E855.68,,V65.1
,E855.69,,V65.2
,E855.8,,V65.3
,E855.80,,V65.4
,E855.81,,V65.5
,E855.82,,V65.6
,E855.83,,V65.7
,E855.84,,V65.9
,E855.85,,V66 
,E855.86,,V66.0
,E855.87,,V66.1
,E855.88,,V66.2
,E855.89,,V66.3
,E855.9,,V66.4
,E855.90,,V66.5
,E855.91,,V66.6
,E855.92,,V66.7
,E855.93,,V66.9
,E855.94,,V67 
,E855.95,,V67.0
,E855.96,,V67.1
,E855.97,,V67.2
,E855.98,,V67.3
,E855.99,,V67.4
,E856,,V67.5
,E856.0,,V67.6
,E856.00,,V67.7
,E856.01,,V67.9
,E856.02,,V68 
,E856.03,,V68.0
,E856.04,,V68.1
,E856.05,,V68.2
,E856.06,,V68.3
,E856.07,,V68.4
,E856.08,,V68.5
,E856.09,,V68.6
,E857,,V68.7
,E857.0,,V68.9
,E857.00,,V69 
,E857.01,,V69.0 
,E857.02,,V69.1 
,E857.03,,V69.2 
,E857.04,,V69.3 
,E857.05,,V69.4 
,E857.06,,V69.5 
,E857.07,,V69.6 
,E857.08,,V69.8 
,E857.09,,V69.9 
,E858,,V70 
,E858.0,,V70.0
,E858.00,,V70.1
,E858.01,,V70.2
,E858.02,,V70.3
,E858.03,,V70.4
,E858.04,,V70.5
,E858.05,,V70.6
,E858.06,,V70.7
,E858.07,,V70.9
,E858.08,,V71 
,E858.09,,V71.0
,E858.1,,V71.1
,E858.10,,V71.2
,E858.11,,V71.3
,E858.12,,V71.4
,E858.13,,V71.5
,E858.14,,V71.6
,E858.15,,V71.7
,E858.16,,V71.9
,E858.17,,V72 
,E858.18,,V72.0
,E858.19,,V72.1
,E858.2,,V72.2
,E858.20,,V72.3
,E858.21,,V72.4
,E858.22,,V72.5
,E858.23,,V72.6
,E858.24,,V72.7
,E858.25,,V72.9
,E858.26,,V73 
,E858.27,,V73.0
,E858.28,,V73.1
,E858.29,,V73.2
,E858.3,,V73.3
,E858.30,,V73.4
,E858.31,,V73.5
,E858.32,,V73.6
,E858.33,,V73.7
,E858.34,,V73.9
,E858.35,,V74 
,E858.36,,V74.0
,E858.37,,V74.1
,E858.38,,V74.2
,E858.39,,V74.3
,E858.4,,V74.4
,E858.40,,V74.5
,E858.41,,V74.6
,E858.42,,V74.7
,E858.43,,V74.9
,E858.44,,V75 
,E858.45,,V75.0
,E858.46,,V75.1
,E858.47,,V75.2
,E858.48,,V75.3
,E858.49,,V75.4
,E858.5,,V75.5
,E858.50,,V75.6
,E858.51,,V75.7
,E858.52,,V75.9
,E858.53,,V76 
,E858.54,,V76.0
,E858.55,,V76.1
,E858.56,,V76.2
,E858.57,,V76.3
,E858.58,,V76.4
,E858.59,,V76.5
,E858.6,,V76.6
,E858.60,,V76.7
,E858.61,,V76.9
,E858.62,,V77 
,E858.63,,V77.0
,E858.64,,V77.1
,E858.65,,V77.2
,E858.66,,V77.3
,E858.67,,V77.4
,E858.68,,V77.5
,E858.69,,V77.6
,E858.7,,V77.7
,E858.70,,V77.9
,E858.71,,V78 
,E858.72,,V78.0
,E858.73,,V78.1
,E858.74,,V78.2
,E858.75,,V78.3
,E858.76,,V78.4
,E858.77,,V78.5
,E858.78,,V78.6
,E858.79,,V78.7
,E858.8,,V78.9
,E858.80,,V79 
,E858.81,,V79.0 
,E858.82,,V79.1 
,E858.83,,V79.2 
,E858.84,,V79.3 
,E858.85,,V79.4 
,E858.86,,V79.5 
,E858.87,,V79.6 
,E858.88,,V79.8 
,E858.89,,V79.9 
,E858.9,,V80 
,E858.90,,V80.0 
,E858.91,,V80.1 
,E858.92,,V80.2 
,E858.93,,V80.3 
,E858.94,,V80.4 
,E858.95,,V80.5 
,E858.96,,V80.6 
,E858.97,,V80.7 
,E858.98,,V80.8 
,E858.99,,V80.9 
,E860.2,,V81 
,E860.20,,V81.0 
,E860.21,,V81.1 
,E860.22,,V81.2 
,E860.23,,V81.3 
,E860.24,,V81.4 
,E860.25,,V81.5 
,E860.26,,V81.6 
,E860.27,,V81.7 
,E860.28,,V81.8 
,E860.29,,V81.9 
,E860.3,,V82 
,E860.30,,V82.0 
,E860.31,,V82.1 
,E860.32,,V82.2 
,E860.33,,V82.3 
,E860.34,,V82.4 
,E860.35,,V82.5 
,E860.36,,V82.6 
,E860.37,,V82.7 
,E860.38,,V82.8 
,E860.39,,V82.9 
,E860.4,,V83 
,E860.40,,V83.0 
,E860.41,,V83.1 
,E860.42,,V83.2 
,E860.43,,V83.3 
,E860.44,,V83.4 
,E860.45,,V83.5 
,E860.46,,V83.6 
,E860.47,,V83.7 
,E860.48,,V83.9 
,E860.49,,V84 
,E860.8,,V84.0 
,E860.80,,V84.1 
,E860.81,,V84.2 
,E860.82,,V84.3 
,E860.83,,V84.4 
,E860.84,,V84.5 
,E860.85,,V84.6 
,E860.86,,V84.7 
,E860.87,,V84.9 
,E860.88,,V85 
,E860.89,,V85.0 
,E860.9,,V85.1 
,E860.90,,V85.2 
,E860.91,,V85.3 
,E860.92,,V85.4 
,E860.93,,V85.5 
,E860.94,,V85.6 
,E860.95,,V85.7 
,E860.96,,V85.9 
,E860.97,,V86 
,E860.98,,V86.0 
,E860.99,,V86.1 
,E861,,V86.2 
,E861.0,,V86.3 
,E861.00,,V86.4 
,E861.01,,V86.5 
,E861.02,,V86.6 
,E861.03,,V86.7 
,E861.04,,V86.9 
,E861.05,,V87 
,E861.06,,V87.0 
,E861.07,,V87.1 
,E861.08,,V87.2 
,E861.09,,V87.3 
,E861.1,,V87.4 
,E861.10,,V87.5 
,E861.11,,V87.6 
,E861.12,,V87.7 
,E861.13,,V87.8 
,E861.14,,V87.9 
,E861.15,,V88 
,E861.16,,V88.0 
,E861.17,,V88.1 
,E861.18,,V88.2 
,E861.19,,V88.3 
,E861.2,,V88.4 
,E861.20,,V88.5 
,E861.21,,V88.6 
,E861.22,,V88.7 
,E861.23,,V88.8 
,E861.24,,V88.9 
,E861.25,,V89 
,E861.26,,V89.0 
,E861.27,,V89.1 
,E861.28,,V89.2 
,E861.29,,V89.3 
,E861.3,,V89.9 
,E861.30,,V90 
,E861.31,,V90.0
,E861.32,,V90.1
,E861.33,,V90.2
,E861.34,,V90.3
,E861.35,,V90.4
,E861.36,,V90.5
,E861.37,,V90.6
,E861.38,,V90.7
,E861.39,,V90.8
,E861.4,,V90.9
,E861.40,,V91 
,E861.41,,V91.0
,E861.42,,V91.1
,E861.43,,V91.2
,E861.44,,V91.3
,E861.45,,V91.4
,E861.46,,V91.5
,E861.47,,V91.6
,E861.48,,V91.7
,E861.49,,V91.8
,E861.5,,V91.9
,E861.50,,V92 
,E861.51,,V92.0
,E861.52,,V92.1
,E861.53,,V92.2
,E861.54,,V92.3
,E861.55,,V92.4
,E861.56,,V92.5
,E861.57,,V92.6
,E861.58,,V92.7
,E861.59,,V92.8
,E861.6,,V92.9
,E861.60,,V93 
,E861.61,,V93.0
,E861.62,,V93.1
,E861.63,,V93.2
,E861.64,,V93.3
,E861.65,,V93.4
,E861.66,,V93.5
,E861.67,,V93.6
,E861.68,,V93.7
,E861.69,,V93.8
,E861.9,,V93.9
,E861.90,,V94 
,E861.91,,V94.0
,E861.92,,V94.1
,E861.93,,V94.2
,E861.94,,V94.3
,E861.95,,V94.4
,E861.96,,V94.5
,E861.97,,V94.6
,E861.98,,V94.7
,E861.99,,V94.8
,E862,,V94.9
,E862.0,,V95 
,E862.00,,V95.0 
,E862.01,,V95.1 
,E862.02,,V95.2 
,E862.03,,V95.3 
,E862.04,,V95.4 
,E862.05,,V95.8 
,E862.06,,V95.9 
,E862.07,,V96 
,E862.08,,V96.0 
,E862.09,,V96.1 
,E862.1,,V96.2 
,E862.10,,V96.8 
,E862.11,,V96.9 
,E862.12,,V97 
,E862.13,,V97.0 
,E862.14,,V97.1 
,E862.15,,V97.2 
,E862.16,,V97.3 
,E862.17,,V97.8 
,E862.18,,V98 
,E862.19,,V99 
,E862.2,,W00 
,E862.20,,W01 
,E862.21,,W02 
,E862.22,,W03 
,E862.23,,W04 
,E862.24,,W05 
,E862.25,,W06 
,E862.26,,W07 
,E862.27,,W08 
,E862.28,,W09 
,E862.29,,W10 
,E862.3,,W11 
,E862.30,,W12 
,E862.31,,W13 
,E862.32,,W14 
,E862.33,,W15 
,E862.34,,W16 
,E862.35,,W17 
,E862.36,,W18 
,E862.37,,W19 
,E862.38,,W20 
,E862.39,,W21 
,E862.4,,W22 
,E862.40,,W23 
,E862.41,,W24 
,E862.42,,W25 
,E862.43,,W26 
,E862.44,,W27 
,E862.45,,W28 
,E862.46,,W29 
,E862.47,,W30 
,E862.48,,W31 
,E862.49,,W32 
,E862.9,,W33 
,E862.90,,W34 
,E862.91,,W341
,E862.92,,W342
,E862.93,,W343
,E862.94,,W344
,E862.95,,W349
,E862.96,,W35 
,E862.97,,W36 
,E862.98,,W37 
,E862.99,,W38 
,E863,,W39 
,E863.0,,W40 
,E863.00,,W41 
,E863.01,,W42 
,E863.02,,W43 
,E863.03,,W44 
,E863.04,,W45 
,E863.05,,W46 
,E863.06,,W49 
,E863.07,,W50 
,E863.08,,W51 
,E863.09,,W52 
,E863.1,,W53 
,E863.10,,W54 
,E863.11,,W55 
,E863.12,,W56 
,E863.13,,W57 
,E863.14,,W58 
,E863.15,,W59 
,E863.16,,W60 
,E863.17,,W64 
,E863.18,,W65 
,E863.19,,W66 
,E863.2,,W67 
,E863.20,,W68 
,E863.21,,W69 
,E863.22,,W70 
,E863.23,,W73 
,E863.24,,W74 
,E863.25,,W75 
,E863.26,,W76 
,E863.27,,W77 
,E863.28,,W78 
,E863.29,,W79 
,E863.3,,W80 
,E863.30,,W81 
,E863.31,,W83 
,E863.32,,W84 
,E863.33,,W85 
,E863.34,,W86 
,E863.35,,W87 
,E863.36,,W88 
,E863.37,,W89 
,E863.38,,W90 
,E863.39,,W91 
,E863.4,,W92 
,E863.40,,W93 
,E863.41,,W94 
,E863.42,,W99 
,E863.43,,X00 
,E863.44,,X01 
,E863.45,,X02 
,E863.46,,X03 
,E863.47,,X04 
,E863.48,,X05 
,E863.49,,X06 
,E863.5,,X08 
,E863.50,,X09 
,E863.51,,X10 
,E863.52,,X11 
,E863.53,,X12 
,E863.54,,X13 
,E863.55,,X14 
,E863.56,,X15 
,E863.57,,X16 
,E863.58,,X17 
,E863.59,,X18 
,E863.6,,X19 
,E863.60,,X20 
,E863.61,,X21 
,E863.62,,X22 
,E863.63,,X23 
,E863.64,,X231
,E863.65,,X232
,E863.66,,X233
,E863.67,,X239
,E863.68,,X24 
,E863.69,,X25 
,E863.7,,X26 
,E863.70,,X27 
,E863.71,,X28 
,E863.72,,X29 
,E863.73,,X30 
,E863.74,,X31 
,E863.75,,X32 
,E863.76,,X33 
,E863.77,,X34 
,E863.78,,X35 
,E863.79,,X36 
,E863.8,,X37 
,E863.80,,X38 
,E863.81,,X39 
,E863.82,,X40 
,E863.83,,X43 
,E863.84,,X44 
,E863.85,,X46 
,E863.86,,X47 
,E863.87,,X48 
,E863.88,,X50 
,E863.89,,X51 
,E863.9,,X52 
,E863.90,,X53 
,E863.91,,X54 
,E863.92,,X57 
,E863.93,,X58 
,E863.94,,X59 
,E863.95,,X59.0 
,E863.96,,X59.9 
,E863.97,,Y40 
,E863.98,,Y40.0 
,E863.99,,Y40.1 
,E864,,Y40.2 
,E864.0,,Y40.3 
,E864.00,,Y40.4 
,E864.01,,Y40.5 
,E864.02,,Y40.6 
,E864.03,,Y40.7 
,E864.04,,Y40.8 
,E864.05,,Y40.9 
,E864.06,,Y41 
,E864.07,,Y41.0 
,E864.08,,Y41.1 
,E864.09,,Y41.2 
,E864.1,,Y41.3 
,E864.10,,Y41.4 
,E864.11,,Y41.5 
,E864.12,,Y41.8 
,E864.13,,Y41.9 
,E864.14,,Y42 
,E864.15,,Y42.0 
,E864.16,,Y42.1 
,E864.17,,Y42.2 
,E864.18,,Y42.3 
,E864.19,,Y42.4 
,E864.2,,Y42.5 
,E864.20,,Y42.6 
,E864.21,,Y42.7 
,E864.22,,Y42.8 
,E864.23,,Y42.9 
,E864.24,,Y43 
,E864.25,,Y43.0 
,E864.26,,Y43.1 
,E864.27,,Y43.2 
,E864.28,,Y43.3 
,E864.29,,Y43.4 
,E864.3,,Y43.5 
,E864.30,,Y43.6 
,E864.31,,Y43.8 
,E864.32,,Y43.9 
,E864.33,,Y44
,E864.34,,Y44.0 
,E864.35,,Y44.1 
,E864.36,,Y44.2 
,E864.37,,Y44.3 
,E864.38,,Y44.4 
,E864.39,,Y44.5 
,E864.4,,Y44.6 
,E864.40,,Y44.7 
,E864.41,,Y44.9 
,E864.42,,Y45 
,E864.43,,Y45.0 
,E864.44,,Y45.1 
,E864.45,,Y45.2 
,E864.46,,Y45.3 
,E864.47,,Y45.4 
,E864.48,,Y45.5 
,E864.49,,Y45.8 
,E865,,Y45.9 
,E865.0,,Y46 
,E865.00,,Y46.0 
,E865.01,,Y46.1 
,E865.02,,Y46.2 
,E865.03,,Y46.3 
,E865.04,,Y46.4 
,E865.05,,Y46.5 
,E865.06,,Y46.6 
,E865.07,,Y46.7 
,E865.08,,Y46.8 
,E865.09,,Y47 
,E865.1,,Y47.0 
,E865.10,,Y47.1 
,E865.11,,Y47.2 
,E865.12,,Y47.3 
,E865.13,,Y47.4 
,E865.14,,Y47.5 
,E865.15,,Y47.8 
,E865.16,,Y47.9 
,E865.17,,Y48 
,E865.18,,Y48.0 
,E865.19,,Y48.1 
,E865.2,,Y48.2 
,E865.20,,Y48.3 
,E865.21,,Y48.4 
,E865.22,,Y48.5 
,E865.23,,Y49 
,E865.24,,Y49.0 
,E865.25,,Y49.1 
,E865.26,,Y49.2 
,E865.27,,Y49.3 
,E865.28,,Y49.4 
,E865.29,,Y49.5 
,E865.3,,Y49.6 
,E865.30,,Y49.7 
,E865.31,,Y49.8 
,E865.32,,Y49.9 
,E865.33,,Y50 
,E865.34,,Y50.0 
,E865.35,,Y50.1 
,E865.36,,Y50.2 
,E865.37,,Y50.8 
,E865.38,,Y50.9 
,E865.39,,Y51 
,E865.4,,Y51.0 
,E865.40,,Y51.1 
,E865.41,,Y51.2 
,E865.42,,Y51.3 
,E865.43,,Y51.4 
,E865.44,,Y51.5 
,E865.45,,Y51.6 
,E865.46,,Y51.7 
,E865.47,,Y51.8 
,E865.48,,Y51.9 
,E865.49,,Y52 
,E865.5,,Y52.0 
,E865.50,,Y52.1 
,E865.51,,Y52.2 
,E865.52,,Y52.3 
,E865.53,,Y52.4 
,E865.54,,Y52.5 
,E865.55,,Y52.6 
,E865.56,,Y52.7 
,E865.57,,Y52.8 
,E865.58,,Y52.9 
,E865.59,,Y53 
,E865.8,,Y53.0 
,E865.80,,Y53.1 
,E865.81,,Y53.2 
,E865.82,,Y53.3 
,E865.83,,Y53.4 
,E865.84,,Y53.5 
,E865.85,,Y53.6 
,E865.86,,Y53.7 
,E865.87,,Y53.8 
,E865.88,,Y53.9 
,E865.89,,Y54 
,E865.9,,Y54.0 
,E865.90,,Y54.1 
,E865.91,,Y54.2 
,E865.92,,Y54.3 
,E865.93,,Y54.4 
,E865.94,,Y54.5 
,E865.95,,Y54.6 
,E865.96,,Y54.7 
,E865.97,,Y54.8 
,E865.98,,Y54.9 
,E865.99,,Y55 
,E866,,Y55.0 
,E866.0,,Y55.1 
,E866.00,,Y55.2 
,E866.01,,Y55.3 
,E866.02,,Y55.4 
,E866.03,,Y55.5 
,E866.04,,Y55.6 
,E866.05,,Y55.7 
,E866.06,,Y56 
,E866.07,,Y56.0 
,E866.08,,Y56.1 
,E866.09,,Y56.2 
,E866.1,,Y56.3 
,E866.10,,Y56.4 
,E866.11,,Y56.5 
,E866.12,,Y56.6 
,E866.13,,Y56.7 
,E866.14,,Y56.8 
,E866.15,,Y56.9 
,E866.16,,Y57 
,E866.17,,Y57.0 
,E866.18,,Y57.1 
,E866.19,,Y57.2 
,E866.2,,Y57.3 
,E866.20,,Y57.4 
,E866.21,,Y57.5 
,E866.22,,Y57.6 
,E866.23,,Y57.7 
,E866.24,,Y57.8 
,E866.25,,Y57.9 
,E866.26,,Y58 
,E866.27,,Y58.0 
,E866.28,,Y58.1 
,E866.29,,Y58.2 
,E866.3,,Y58.3 
,E866.30,,Y58.4 
,E866.31,,Y58.5 
,E866.32,,Y58.6 
,E866.33,,Y58.8 
,E866.34,,Y58.9 
,E866.35,,Y59 
,E866.36,,Y59.0 
,E866.37,,Y59.1 
,E866.38,,Y59.2 
,E866.39,,Y59.3 
,E866.4,,Y59.8 
,E866.40,,Y59.9 
,E866.41,,Y60 
,E866.42,,Y60.0 
,E866.43,,Y60.1 
,E866.44,,Y60.2 
,E866.45,,Y60.3 
,E866.46,,Y60.4 
,E866.47,,Y60.5 
,E866.48,,Y60.6 
,E866.49,,Y60.7 
,E866.5,,Y60.8 
,E866.50,,Y60.9 
,E866.51,,Y61 
,E866.52,,Y61.0 
,E866.53,,Y61.1 
,E866.54,,Y61.2 
,E866.55,,Y61.3 
,E866.56,,Y61.4 
,E866.57,,Y61.5 
,E866.58,,Y61.6 
,E866.59,,Y61.7 
,E866.6,,Y61.8 
,E866.60,,Y61.9 
,E866.61,,Y62 
,E866.62,,Y62.0 
,E866.63,,Y62.1 
,E866.64,,Y62.2 
,E866.65,,Y62.3 
,E866.66,,Y62.4 
,E866.67,,Y62.5 
,E866.68,,Y62.6 
,E866.69,,Y62.8 
,E866.7,,Y62.9 
,E866.70,,Y63 
,E866.71,,Y63.0 
,E866.72,,Y63.1 
,E866.73,,Y63.2 
,E866.74,,Y63.3 
,E866.75,,Y63.4 
,E866.76,,Y63.5 
,E866.77,,Y63.6 
,E866.78,,Y63.8 
,E866.79,,Y63.9 
,E866.8,,Y64 
,E866.80,,Y64.0 
,E866.81,,Y64.1 
,E866.82,,Y64.8 
,E866.83,,Y64.9 
,E866.84,,Y65 
,E866.85,,Y65.0 
,E866.86,,Y65.1 
,E866.87,,Y65.2 
,E866.88,,Y65.3 
,E866.89,,Y65.4 
,E866.9,,Y65.5 
,E866.90,,Y65.8 
,E866.91,,Y66 
,E866.92,,Y69 
,E866.93,,Y70 
,E866.94,,Y70.0
,E866.95,,Y70.1
,E866.96,,Y70.2
,E866.97,,Y70.3
,E866.98,,Y70.8
,E866.99,,Y71 
,E867,,Y71.0
,E867.0,,Y71.1
,E867.00,,Y71.2
,E867.01,,Y71.3
,E867.02,,Y71.8
,E867.03,,Y72 
,E867.04,,Y72.0
,E867.05,,Y72.1
,E867.06,,Y72.2
,E867.07,,Y72.3
,E867.08,,Y72.8
,E867.09,,Y73 
,E868,,Y73.0
,E868.0,,Y73.1
,E868.00,,Y73.2
,E868.01,,Y73.3
,E868.02,,Y73.8
,E868.03,,Y74 
,E868.04,,Y74.0
,E868.05,,Y74.1
,E868.06,,Y74.2
,E868.07,,Y74.3
,E868.08,,Y74.8
,E868.09,,Y75 
,E868.1,,Y75.0
,E868.10,,Y75.1
,E868.11,,Y75.2
,E868.12,,Y75.3
,E868.13,,Y75.8
,E868.14,,Y76 
,E868.15,,Y76.0
,E868.16,,Y76.1
,E868.17,,Y76.2
,E868.18,,Y76.3
,E868.19,,Y76.8
,E868.2,,Y77 
,E868.20,,Y77.0
,E868.21,,Y77.1
,E868.22,,Y77.2
,E868.23,,Y77.3
,E868.24,,Y77.8
,E868.25,,Y78 
,E868.26,,Y78.0
,E868.27,,Y78.1
,E868.28,,Y78.2
,E868.29,,Y78.3
,E868.3,,Y78.8
,E868.30,,Y79 
,E868.31,,Y79.0
,E868.32,,Y79.1
,E868.33,,Y79.2
,E868.34,,Y79.3
,E868.35,,Y79.8
,E868.36,,Y80 
,E868.37,,Y80.0
,E868.38,,Y80.1
,E868.39,,Y80.2
,E868.8,,Y80.3
,E868.80,,Y80.8
,E868.81,,Y81 
,E868.82,,Y81.0
,E868.83,,Y81.1
,E868.84,,Y81.2
,E868.85,,Y81.3
,E868.86,,Y81.8
,E868.87,,Y82 
,E868.88,,Y82.0
,E868.89,,Y82.1
,E868.9,,Y82.2
,E868.90,,Y82.3
,E868.91,,Y82.8
,E868.92,,Y83 
,E868.93,,Y83.0 
,E868.94,,Y83.1 
,E868.95,,Y83.2 
,E868.96,,Y83.3 
,E868.97,,Y83.4 
,E868.98,,Y83.5 
,E868.99,,Y83.6 
,E869,,Y83.8 
,E869.0,,Y83.9 
,E869.00,,Y84 
,E869.01,,Y84.0 
,E869.02,,Y84.1 
,E869.03,,Y84.2 
,E869.04,,Y84.3 
,E869.05,,Y84.4 
,E869.06,,Y84.5 
,E869.07,,Y84.6 
,E869.08,,Y84.7 
,E869.09,,Y84.8 
,E869.1,,Y84.9 
,E869.10,,Y85 
,E869.11,,Y85.0 
,E869.12,,Y85.9 
,E869.13,,Y86 
,E869.14,,Y88 
,E869.15,,Y88.0 
,E869.16,,Y88.1 
,E869.17,,Y88.2 
,E869.18,,Y88.3 
,E869.19,,
,E869.2,,Y10.0
,E869.20,,Y11.0
,E869.21,,Y12.0
,E869.22,,Y13.0
,E869.23,,Y14.0
,E869.24,,Y15.0
,E869.25,,Y16.0
,E869.26,,Y17.0
,E869.27,,Y18.0
,E869.28,,Y19.0
,E869.29,,Y20.0
,E869.3,,Y21.0
,E869.30,,Y22.0
,E869.31,,Y23.0
,E869.32,,Y24.0
,E869.33,,Y25.0
,E869.34,,Y26.0
,E869.35,,Y27.0
,E869.36,,Y28.0
,E869.37,,Y29.0
,E869.38,,Y30.0
,E869.39,,Y31.0
,E869.4,,Y32.0
,E869.40,,Y33.0
,E869.41,,Y34.0
,E869.42,,X41.0
,E869.43,,X42.0
,E869.44,,X45.0
,E869.45,,X49.0
,E869.46,,Y87.2
,E869.47,,Y89.9
,E869.48,,
,E869.49,,
,E869.8,,
,E869.80,,
,E869.81,,
,E869.82,,
,E869.83,,
,E869.84,,
,E869.85,,
,E869.86,,
,E869.87,,
,E869.88,,
,E869.89,,
,E869.9,,
,E869.90,,
,E869.91,,
,E869.92,,
,E869.93,,
,E869.94,,
,E869.95,,
,E869.96,,
,E869.97,,
,E869.98,,
,E869.99,,
,E870,,
,E870.0,,
,E870.1,,
,E870.2,,
,E870.3,,
,E870.4,,
,E870.5,,
,E870.6,,
,E870.7,,
,E870.8,,
,E870.9,,
,E871,,
,E871.0,,
,E871.1,,
,E871.2,,
,E871.3,,
,E871.4,,
,E871.5,,
,E871.6,,
,E871.7,,
,E871.8,,
,E871.9,,
,E872,,
,E872.0,,
,E872.1,,
,E872.2,,
,E872.3,,
,E872.4,,
,E872.5,,
,E872.6,,
,E872.8,,
,E872.9,,
,E873,,
,E873.0,,
,E873.1,,
,E873.2,,
,E873.3,,
,E873.4,,
,E873.5,,
,E873.6,,
,E873.8,,
,E873.9,,
,E874,,
,E874.0,,
,E874.1,,
,E874.2,,
,E874.3,,
,E874.4,,
,E874.5,,
,E874.8,,
,E874.9,,
,E875,,
,E875.0,,
,E875.1,,
,E875.2,,
,E875.8,,
,E875.9,,
,E876,,
,E876.0,,
,E876.1,,
,E876.2,,
,E876.3,,
,E876.4,,
,E876.5,,
,E876.8,,
,E876.9,,
,E878,,
,E878.0,,
,E878.1,,
,E878.2,,
,E878.3,,
,E878.4,,
,E878.5,,
,E878.6,,
,E878.8,,
,E878.9,,
,E879,,
,E879.0,,
,E879.1,,
,E879.2,,
,E879.3,,
,E879.4,,
,E879.5,,
,E879.6,,
,E879.7,,
,E879.8,,
,E879.9,,
,E880,,
,E880.0,,
,E880.00,,
,E880.01,,
,E880.02,,
,E880.03,,
,E880.04,,
,E880.05,,
,E880.06,,
,E880.07,,
,E880.08,,
,E880.09,,
,E880.9,,
,E880.90,,
,E880.91,,
,E880.92,,
,E880.93,,
,E880.94,,
,E880.95,,
,E880.96,,
,E880.97,,
,E880.98,,
,E880.99,,
,E881,,
,E881.0,,
,E881.00,,
,E881.01,,
,E881.02,,
,E881.03,,
,E881.04,,
,E881.05,,
,E881.06,,
,E881.07,,
,E881.08,,
,E881.09,,
,E881.1,,
,E881.10,,
,E881.11,,
,E881.12,,
,E881.13,,
,E881.14,,
,E881.15,,
,E881.16,,
,E881.17,,
,E881.18,,
,E881.19,,
,E882,,
,E882.0,,
,E882.00,,
,E882.01,,
,E882.02,,
,E882.03,,
,E882.04,,
,E882.05,,
,E882.06,,
,E882.07,,
,E882.08,,
,E882.09,,
,E883,,
,E883.0,,
,E883.00,,
,E883.01,,
,E883.02,,
,E883.03,,
,E883.04,,
,E883.05,,
,E883.06,,
,E883.07,,
,E883.08,,
,E883.09,,
,E883.1,,
,E883.10,,
,E883.11,,
,E883.12,,
,E883.13,,
,E883.14,,
,E883.15,,
,E883.16,,
,E883.17,,
,E883.18,,
,E883.19,,
,E883.2,,
,E883.20,,
,E883.21,,
,E883.22,,
,E883.23,,
,E883.24,,
,E883.25,,
,E883.26,,
,E883.27,,
,E883.28,,
,E883.29,,
,E883.9,,
,E883.90,,
,E883.91,,
,E883.92,,
,E883.93,,
,E883.94,,
,E883.95,,
,E883.96,,
,E883.97,,
,E883.98,,
,E883.99,,
,E884,,
,E884.0,,
,E884.00,,
,E884.01,,
,E884.02,,
,E884.03,,
,E884.04,,
,E884.05,,
,E884.06,,
,E884.07,,
,E884.08,,
,E884.09,,
,E884.1,,
,E884.10,,
,E884.11,,
,E884.12,,
,E884.13,,
,E884.14,,
,E884.15,,
,E884.16,,
,E884.17,,
,E884.18,,
,E884.19,,
,E884.2,,
,E884.20,,
,E884.21,,
,E884.22,,
,E884.23,,
,E884.24,,
,E884.25,,
,E884.26,,
,E884.27,,
,E884.28,,
,E884.29,,
,E884.9,,
,E884.90,,
,E884.91,,
,E884.92,,
,E884.93,,
,E884.94,,
,E884.95,,
,E884.96,,
,E884.97,,
,E884.98,,
,E884.99,,
,E885,,
,E885.0,,
,E885.00,,
,E885.01,,
,E885.02,,
,E885.03,,
,E885.04,,
,E885.05,,
,E885.06,,
,E885.07,,
,E885.08,,
,E885.09,,
,E886,,
,E886.0,,
,E886.00,,
,E886.01,,
,E886.02,,
,E886.03,,
,E886.04,,
,E886.05,,
,E886.06,,
,E886.07,,
,E886.08,,
,E886.09,,
,E886.9,,
,E886.90,,
,E886.91,,
,E886.92,,
,E886.93,,
,E886.94,,
,E886.95,,
,E886.96,,
,E886.97,,
,E886.98,,
,E886.99,,
,E887,,
,E887.0,,
,E887.00,,
,E887.01,,
,E887.02,,
,E887.03,,
,E887.04,,
,E887.05,,
,E887.06,,
,E887.07,,
,E887.08,,
,E887.09,,
,E888,,
,E888.0,,
,E888.00,,
,E888.01,,
,E888.02,,
,E888.03,,
,E888.04,,
,E888.05,,
,E888.06,,
,E888.07,,
,E888.08,,
,E888.09,,
,E890,,
,E890.0,,
,E890.00,,
,E890.01,,
,E890.02,,
,E890.03,,
,E890.04,,
,E890.05,,
,E890.06,,
,E890.07,,
,E890.08,,
,E890.09,,
,E890.1,,
,E890.10,,
,E890.11,,
,E890.12,,
,E890.13,,
,E890.14,,
,E890.15,,
,E890.16,,
,E890.17,,
,E890.18,,
,E890.19,,
,E890.2,,
,E890.20,,
,E890.21,,
,E890.22,,
,E890.23,,
,E890.24,,
,E890.25,,
,E890.26,,
,E890.27,,
,E890.28,,
,E890.29,,
,E890.3,,
,E890.30,,
,E890.31,,
,E890.32,,
,E890.33,,
,E890.34,,
,E890.35,,
,E890.36,,
,E890.37,,
,E890.38,,
,E890.39,,
,E890.8,,
,E890.80,,
,E890.81,,
,E890.82,,
,E890.83,,
,E890.84,,
,E890.85,,
,E890.86,,
,E890.87,,
,E890.88,,
,E890.89,,
,E890.9,,
,E890.90,,
,E890.91,,
,E890.92,,
,E890.93,,
,E890.94,,
,E890.95,,
,E890.96,,
,E890.97,,
,E890.98,,
,E890.99,,
,E891,,
,E891.0,,
,E891.00,,
,E891.01,,
,E891.02,,
,E891.03,,
,E891.04,,
,E891.05,,
,E891.06,,
,E891.07,,
,E891.08,,
,E891.09,,
,E891.1,,
,E891.10,,
,E891.11,,
,E891.12,,
,E891.13,,
,E891.14,,
,E891.15,,
,E891.16,,
,E891.17,,
,E891.18,,
,E891.19,,
,E891.2,,
,E891.20,,
,E891.21,,
,E891.22,,
,E891.23,,
,E891.24,,
,E891.25,,
,E891.26,,
,E891.27,,
,E891.28,,
,E891.29,,
,E891.3,,
,E891.30,,
,E891.31,,
,E891.32,,
,E891.33,,
,E891.34,,
,E891.35,,
,E891.36,,
,E891.37,,
,E891.38,,
,E891.39,,
,E891.8,,
,E891.80,,
,E891.81,,
,E891.82,,
,E891.83,,
,E891.84,,
,E891.85,,
,E891.86,,
,E891.87,,
,E891.88,,
,E891.89,,
,E891.9,,
,E891.90,,
,E891.91,,
,E891.92,,
,E891.93,,
,E891.94,,
,E891.95,,
,E891.96,,
,E891.97,,
,E891.98,,
,E891.99,,
,E892,,
,E892.0,,
,E892.00,,
,E892.01,,
,E892.02,,
,E892.03,,
,E892.04,,
,E892.05,,
,E892.06,,
,E892.07,,
,E892.08,,
,E892.09,,
,E893,,
,E893.0,,
,E893.00,,
,E893.01,,
,E893.02,,
,E893.03,,
,E893.04,,
,E893.05,,
,E893.06,,
,E893.07,,
,E893.08,,
,E893.09,,
,E893.1,,
,E893.10,,
,E893.11,,
,E893.12,,
,E893.13,,
,E893.14,,
,E893.15,,
,E893.16,,
,E893.17,,
,E893.18,,
,E893.19,,
,E893.2,,
,E893.20,,
,E893.21,,
,E893.22,,
,E893.23,,
,E893.24,,
,E893.25,,
,E893.26,,
,E893.27,,
,E893.28,,
,E893.29,,
,E893.8,,
,E893.80,,
,E893.81,,
,E893.82,,
,E893.83,,
,E893.84,,
,E893.85,,
,E893.86,,
,E893.87,,
,E893.88,,
,E893.89,,
,E893.9,,
,E893.90,,
,E893.91,,
,E893.92,,
,E893.93,,
,E893.94,,
,E893.95,,
,E893.96,,
,E893.97,,
,E893.98,,
,E893.99,,
,E894,,
,E894.0,,
,E894.00,,
,E894.01,,
,E894.02,,
,E894.03,,
,E894.04,,
,E894.05,,
,E894.06,,
,E894.07,,
,E894.08,,
,E894.09,,
,E895,,
,E895.0,,
,E895.00,,
,E895.01,,
,E895.02,,
,E895.03,,
,E895.04,,
,E895.05,,
,E895.06,,
,E895.07,,
,E895.08,,
,E895.09,,
,E896,,
,E896.0,,
,E896.00,,
,E896.01,,
,E896.02,,
,E896.03,,
,E896.04,,
,E896.05,,
,E896.06,,
,E896.07,,
,E896.08,,
,E896.09,,
,E897,,
,E897.0,,
,E897.00,,
,E897.01,,
,E897.02,,
,E897.03,,
,E897.04,,
,E897.05,,
,E897.06,,
,E897.07,,
,E897.08,,
,E897.09,,
,E898,,
,E898.0,,
,E898.00,,
,E898.01,,
,E898.02,,
,E898.03,,
,E898.04,,
,E898.05,,
,E898.06,,
,E898.07,,
,E898.08,,
,E898.09,,
,E898.1,,
,E898.10,,
,E898.11,,
,E898.12,,
,E898.13,,
,E898.14,,
,E898.15,,
,E898.16,,
,E898.17,,
,E898.18,,
,E898.19,,
,E899,,
,E899.0,,
,E899.00,,
,E899.01,,
,E899.02,,
,E899.03,,
,E899.04,,
,E899.05,,
,E899.06,,
,E899.07,,
,E899.08,,
,E899.09,,
,E900,,
,E900.0,,
,E900.00,,
,E900.01,,
,E900.02,,
,E900.03,,
,E900.04,,
,E900.05,,
,E900.06,,
,E900.07,,
,E900.08,,
,E900.09,,
,E900.1,,
,E900.10,,
,E900.11,,
,E900.12,,
,E900.13,,
,E900.14,,
,E900.15,,
,E900.16,,
,E900.17,,
,E900.18,,
,E900.19,,
,E900.9,,
,E900.90,,
,E900.91,,
,E900.92,,
,E900.93,,
,E900.94,,
,E900.95,,
,E900.96,,
,E900.97,,
,E900.98,,
,E900.99,,
,E901,,
,E901.0,,
,E901.00,,
,E901.01,,
,E901.02,,
,E901.03,,
,E901.04,,
,E901.05,,
,E901.06,,
,E901.07,,
,E901.08,,
,E901.09,,
,E901.1,,
,E901.10,,
,E901.11,,
,E901.12,,
,E901.13,,
,E901.14,,
,E901.15,,
,E901.16,,
,E901.17,,
,E901.18,,
,E901.19,,
,E901.8,,
,E901.80,,
,E901.81,,
,E901.82,,
,E901.83,,
,E901.84,,
,E901.85,,
,E901.86,,
,E901.87,,
,E901.88,,
,E901.89,,
,E901.9,,
,E901.90,,
,E901.91,,
,E901.92,,
,E901.93,,
,E901.94,,
,E901.95,,
,E901.96,,
,E901.97,,
,E901.98,,
,E901.99,,
,E902,,
,E902.0,,
,E902.00,,
,E902.01,,
,E902.02,,
,E902.03,,
,E902.04,,
,E902.05,,
,E902.06,,
,E902.07,,
,E902.08,,
,E902.09,,
,E902.1,,
,E902.10,,
,E902.11,,
,E902.12,,
,E902.13,,
,E902.14,,
,E902.15,,
,E902.16,,
,E902.17,,
,E902.18,,
,E902.19,,
,E902.2,,
,E902.20,,
,E902.21,,
,E902.22,,
,E902.23,,
,E902.24,,
,E902.25,,
,E902.26,,
,E902.27,,
,E902.28,,
,E902.29,,
,E902.8,,
,E902.80,,
,E902.81,,
,E902.82,,
,E902.83,,
,E902.84,,
,E902.85,,
,E902.86,,
,E902.87,,
,E902.88,,
,E902.89,,
,E902.9,,
,E902.90,,
,E902.91,,
,E902.92,,
,E902.93,,
,E902.94,,
,E902.95,,
,E902.96,,
,E902.97,,
,E902.98,,
,E902.99,,
,E903,,
,E903.0,,
,E903.00,,
,E903.01,,
,E903.02,,
,E903.03,,
,E903.04,,
,E903.05,,
,E903.06,,
,E903.07,,
,E903.08,,
,E903.09,,
,E904.1,,
,E904.10,,
,E904.11,,
,E904.12,,
,E904.13,,
,E904.14,,
,E904.15,,
,E904.16,,
,E904.17,,
,E904.18,,
,E904.19,,
,E904.2,,
,E904.20,,
,E904.21,,
,E904.22,,
,E904.23,,
,E904.24,,
,E904.25,,
,E904.26,,
,E904.27,,
,E904.28,,
,E904.29,,
,E904.3,,
,E904.30,,
,E904.31,,
,E904.32,,
,E904.33,,
,E904.34,,
,E904.35,,
,E904.36,,
,E904.37,,
,E904.38,,
,E904.39,,
,E904.9,,
,E904.90,,
,E904.91,,
,E904.92,,
,E904.93,,
,E904.94,,
,E904.95,,
,E904.96,,
,E904.97,,
,E904.98,,
,E904.99,,
,E905,,
,E905.0,,
,E905.00,,
,E905.01,,
,E905.02,,
,E905.03,,
,E905.04,,
,E905.05,,
,E905.06,,
,E905.07,,
,E905.08,,
,E905.09,,
,E905.1,,
,E905.10,,
,E905.11,,
,E905.12,,
,E905.13,,
,E905.14,,
,E905.15,,
,E905.16,,
,E905.17,,
,E905.18,,
,E905.19,,
,E905.2,,
,E905.20,,
,E905.21,,
,E905.22,,
,E905.23,,
,E905.24,,
,E905.25,,
,E905.26,,
,E905.27,,
,E905.28,,
,E905.29,,
,E905.3,,
,E905.30,,
,E905.31,,
,E905.32,,
,E905.33,,
,E905.34,,
,E905.35,,
,E905.36,,
,E905.37,,
,E905.38,,
,E905.39,,
,E905.4,,
,E905.40,,
,E905.41,,
,E905.42,,
,E905.43,,
,E905.44,,
,E905.45,,
,E905.46,,
,E905.47,,
,E905.48,,
,E905.49,,
,E905.5,,
,E905.50,,
,E905.51,,
,E905.52,,
,E905.53,,
,E905.54,,
,E905.55,,
,E905.56,,
,E905.57,,
,E905.58,,
,E905.59,,
,E905.6,,
,E905.60,,
,E905.61,,
,E905.62,,
,E905.63,,
,E905.64,,
,E905.65,,
,E905.66,,
,E905.67,,
,E905.68,,
,E905.69,,
,E905.7,,
,E905.70,,
,E905.71,,
,E905.72,,
,E905.73,,
,E905.74,,
,E905.75,,
,E905.76,,
,E905.77,,
,E905.78,,
,E905.79,,
,E905.8,,
,E905.80,,
,E905.81,,
,E905.82,,
,E905.83,,
,E905.84,,
,E905.85,,
,E905.86,,
,E905.87,,
,E905.88,,
,E905.89,,
,E905.9,,
,E905.90,,
,E905.91,,
,E905.92,,
,E905.93,,
,E905.94,,
,E905.95,,
,E905.96,,
,E905.97,,
,E905.98,,
,E905.99,,
,E906,,
,E906.0,,
,E906.00,,
,E906.01,,
,E906.02,,
,E906.03,,
,E906.04,,
,E906.05,,
,E906.06,,
,E906.07,,
,E906.08,,
,E906.09,,
,E906.1,,
,E906.10,,
,E906.11,,
,E906.12,,
,E906.13,,
,E906.14,,
,E906.15,,
,E906.16,,
,E906.17,,
,E906.18,,
,E906.19,,
,E906.2,,
,E906.20,,
,E906.21,,
,E906.22,,
,E906.23,,
,E906.24,,
,E906.25,,
,E906.26,,
,E906.27,,
,E906.28,,
,E906.29,,
,E906.3,,
,E906.30,,
,E906.31,,
,E906.32,,
,E906.33,,
,E906.34,,
,E906.35,,
,E906.36,,
,E906.37,,
,E906.38,,
,E906.39,,
,E906.4,,
,E906.40,,
,E906.41,,
,E906.42,,
,E906.43,,
,E906.44,,
,E906.45,,
,E906.46,,
,E906.47,,
,E906.48,,
,E906.49,,
,E906.8,,
,E906.80,,
,E906.81,,
,E906.82,,
,E906.83,,
,E906.84,,
,E906.85,,
,E906.86,,
,E906.87,,
,E906.88,,
,E906.89,,
,E906.9,,
,E906.90,,
,E906.91,,
,E906.92,,
,E906.93,,
,E906.94,,
,E906.95,,
,E906.96,,
,E906.97,,
,E906.98,,
,E906.99,,
,E907,,
,E907.0,,
,E907.00,,
,E907.01,,
,E907.02,,
,E907.03,,
,E907.04,,
,E907.05,,
,E907.06,,
,E907.07,,
,E907.08,,
,E907.09,,
,E908,,
,E908.0,,
,E908.00,,
,E908.01,,
,E908.02,,
,E908.03,,
,E908.04,,
,E908.05,,
,E908.06,,
,E908.07,,
,E908.08,,
,E908.09,,
,E909,,
,E909.0,,
,E909.00,,
,E909.01,,
,E909.02,,
,E909.03,,
,E909.04,,
,E909.05,,
,E909.06,,
,E909.07,,
,E909.08,,
,E909.09,,
,E910,,
,E910.0,,
,E910.00,,
,E910.01,,
,E910.02,,
,E910.03,,
,E910.04,,
,E910.05,,
,E910.06,,
,E910.07,,
,E910.08,,
,E910.09,,
,E910.1,,
,E910.10,,
,E910.11,,
,E910.12,,
,E910.13,,
,E910.14,,
,E910.15,,
,E910.16,,
,E910.17,,
,E910.18,,
,E910.19,,
,E910.2,,
,E910.20,,
,E910.21,,
,E910.22,,
,E910.23,,
,E910.24,,
,E910.25,,
,E910.26,,
,E910.27,,
,E910.28,,
,E910.29,,
,E910.3,,
,E910.30,,
,E910.31,,
,E910.32,,
,E910.33,,
,E910.34,,
,E910.35,,
,E910.36,,
,E910.37,,
,E910.38,,
,E910.39,,
,E910.4,,
,E910.40,,
,E910.41,,
,E910.42,,
,E910.43,,
,E910.44,,
,E910.45,,
,E910.46,,
,E910.47,,
,E910.48,,
,E910.49,,
,E910.8,,
,E910.80,,
,E910.81,,
,E910.82,,
,E910.83,,
,E910.84,,
,E910.85,,
,E910.86,,
,E910.87,,
,E910.88,,
,E910.89,,
,E910.9,,
,E910.90,,
,E910.91,,
,E910.92,,
,E910.93,,
,E910.94,,
,E910.95,,
,E910.96,,
,E910.97,,
,E910.98,,
,E910.99,,
,E911,,
,E911.0,,
,E911.00,,
,E911.01,,
,E911.02,,
,E911.03,,
,E911.04,,
,E911.05,,
,E911.06,,
,E911.07,,
,E911.08,,
,E911.09,,
,E912,,
,E912.0,,
,E912.00,,
,E912.01,,
,E912.02,,
,E912.03,,
,E912.04,,
,E912.05,,
,E912.06,,
,E912.07,,
,E912.08,,
,E912.09,,
,E913,,
,E913.0,,
,E913.00,,
,E913.01,,
,E913.02,,
,E913.03,,
,E913.04,,
,E913.05,,
,E913.06,,
,E913.07,,
,E913.08,,
,E913.09,,
,E913.1,,
,E913.10,,
,E913.11,,
,E913.12,,
,E913.13,,
,E913.14,,
,E913.15,,
,E913.16,,
,E913.17,,
,E913.18,,
,E913.19,,
,E913.2,,
,E913.20,,
,E913.21,,
,E913.22,,
,E913.23,,
,E913.24,,
,E913.25,,
,E913.26,,
,E913.27,,
,E913.28,,
,E913.29,,
,E913.3,,
,E913.30,,
,E913.31,,
,E913.32,,
,E913.33,,
,E913.34,,
,E913.35,,
,E913.36,,
,E913.37,,
,E913.38,,
,E913.39,,
,E913.8,,
,E913.80,,
,E913.81,,
,E913.82,,
,E913.83,,
,E913.84,,
,E913.85,,
,E913.86,,
,E913.87,,
,E913.88,,
,E913.89,,
,E913.9,,
,E913.90,,
,E913.91,,
,E913.92,,
,E913.93,,
,E913.94,,
,E913.95,,
,E913.96,,
,E913.97,,
,E913.98,,
,E913.99,,
,E914,,
,E914.0,,
,E914.00,,
,E914.01,,
,E914.02,,
,E914.03,,
,E914.04,,
,E914.05,,
,E914.06,,
,E914.07,,
,E914.08,,
,E914.09,,
,E915,,
,E915.0,,
,E915.00,,
,E915.01,,
,E915.02,,
,E915.03,,
,E915.04,,
,E915.05,,
,E915.06,,
,E915.07,,
,E915.08,,
,E915.09,,
,E916,,
,E916.0,,
,E916.00,,
,E916.01,,
,E916.02,,
,E916.03,,
,E916.04,,
,E916.05,,
,E916.06,,
,E916.07,,
,E916.08,,
,E916.09,,
,E917,,
,E917.0,,
,E917.00,,
,E917.01,,
,E917.02,,
,E917.03,,
,E917.04,,
,E917.05,,
,E917.06,,
,E917.07,,
,E917.08,,
,E917.09,,
,E917.1,,
,E917.10,,
,E917.11,,
,E917.12,,
,E917.13,,
,E917.14,,
,E917.15,,
,E917.16,,
,E917.17,,
,E917.18,,
,E917.19,,
,E917.2,,
,E917.20,,
,E917.21,,
,E917.22,,
,E917.23,,
,E917.24,,
,E917.25,,
,E917.26,,
,E917.27,,
,E917.28,,
,E917.29,,
,E917.9,,
,E917.90,,
,E917.91,,
,E917.92,,
,E917.93,,
,E917.94,,
,E917.95,,
,E917.96,,
,E917.97,,
,E917.98,,
,E917.99,,
,E918,,
,E918.0,,
,E918.00,,
,E918.01,,
,E918.02,,
,E918.03,,
,E918.04,,
,E918.05,,
,E918.06,,
,E918.07,,
,E918.08,,
,E918.09,,
,E919,,
,E919.0,,
,E919.00,,
,E919.01,,
,E919.02,,
,E919.03,,
,E919.04,,
,E919.05,,
,E919.06,,
,E919.07,,
,E919.08,,
,E919.09,,
,E919.1,,
,E919.10,,
,E919.11,,
,E919.12,,
,E919.13,,
,E919.14,,
,E919.15,,
,E919.16,,
,E919.17,,
,E919.18,,
,E919.19,,
,E919.2,,
,E919.20,,
,E919.21,,
,E919.22,,
,E919.23,,
,E919.24,,
,E919.25,,
,E919.26,,
,E919.27,,
,E919.28,,
,E919.29,,
,E919.3,,
,E919.30,,
,E919.31,,
,E919.32,,
,E919.33,,
,E919.34,,
,E919.35,,
,E919.36,,
,E919.37,,
,E919.38,,
,E919.39,,
,E919.4,,
,E919.40,,
,E919.41,,
,E919.42,,
,E919.43,,
,E919.44,,
,E919.45,,
,E919.46,,
,E919.47,,
,E919.48,,
,E919.49,,
,E919.5,,
,E919.50,,
,E919.51,,
,E919.52,,
,E919.53,,
,E919.54,,
,E919.55,,
,E919.56,,
,E919.57,,
,E919.58,,
,E919.59,,
,E919.6,,
,E919.60,,
,E919.61,,
,E919.62,,
,E919.63,,
,E919.64,,
,E919.65,,
,E919.66,,
,E919.67,,
,E919.68,,
,E919.69,,
,E919.7,,
,E919.70,,
,E919.71,,
,E919.72,,
,E919.73,,
,E919.74,,
,E919.75,,
,E919.76,,
,E919.77,,
,E919.78,,
,E919.79,,
,E919.8,,
,E919.80,,
,E919.81,,
,E919.82,,
,E919.83,,
,E919.84,,
,E919.85,,
,E919.86,,
,E919.87,,
,E919.88,,
,E919.89,,
,E919.9,,
,E919.90,,
,E919.91,,
,E919.92,,
,E919.93,,
,E919.94,,
,E919.95,,
,E919.96,,
,E919.97,,
,E919.98,,
,E919.99,,
,E920,,
,E920.0,,
,E920.00,,
,E920.01,,
,E920.02,,
,E920.03,,
,E920.04,,
,E920.05,,
,E920.06,,
,E920.07,,
,E920.08,,
,E920.09,,
,E920.1,,
,E920.10,,
,E920.11,,
,E920.12,,
,E920.13,,
,E920.14,,
,E920.15,,
,E920.16,,
,E920.17,,
,E920.18,,
,E920.19,,
,E920.2,,
,E920.20,,
,E920.21,,
,E920.22,,
,E920.23,,
,E920.24,,
,E920.25,,
,E920.26,,
,E920.27,,
,E920.28,,
,E920.29,,
,E920.3,,
,E920.30,,
,E920.31,,
,E920.32,,
,E920.33,,
,E920.34,,
,E920.35,,
,E920.36,,
,E920.37,,
,E920.38,,
,E920.39,,
,E920.4,,
,E920.40,,
,E920.41,,
,E920.42,,
,E920.43,,
,E920.44,,
,E920.45,,
,E920.46,,
,E920.47,,
,E920.48,,
,E920.49,,
,E920.8,,
,E920.80,,
,E920.81,,
,E920.82,,
,E920.83,,
,E920.84,,
,E920.85,,
,E920.86,,
,E920.87,,
,E920.88,,
,E920.89,,
,E920.9,,
,E920.90,,
,E920.91,,
,E920.92,,
,E920.93,,
,E920.94,,
,E920.95,,
,E920.96,,
,E920.97,,
,E920.98,,
,E920.99,,
,E921,,
,E921.0,,
,E921.00,,
,E921.01,,
,E921.02,,
,E921.03,,
,E921.04,,
,E921.05,,
,E921.06,,
,E921.07,,
,E921.08,,
,E921.09,,
,E921.1,,
,E921.10,,
,E921.11,,
,E921.12,,
,E921.13,,
,E921.14,,
,E921.15,,
,E921.16,,
,E921.17,,
,E921.18,,
,E921.19,,
,E921.8,,
,E921.80,,
,E921.81,,
,E921.82,,
,E921.83,,
,E921.84,,
,E921.85,,
,E921.86,,
,E921.87,,
,E921.88,,
,E921.89,,
,E921.9,,
,E921.90,,
,E921.91,,
,E921.92,,
,E921.93,,
,E921.94,,
,E921.95,,
,E921.96,,
,E921.97,,
,E921.98,,
,E921.99,,
,E922,,
,E922.0,,
,E922.00,,
,E922.01,,
,E922.02,,
,E922.03,,
,E922.04,,
,E922.05,,
,E922.06,,
,E922.07,,
,E922.08,,
,E922.09,,
,E922.1,,
,E922.10,,
,E922.11,,
,E922.12,,
,E922.13,,
,E922.14,,
,E922.15,,
,E922.16,,
,E922.17,,
,E922.18,,
,E922.19,,
,E922.2,,
,E922.20,,
,E922.21,,
,E922.22,,
,E922.23,,
,E922.24,,
,E922.25,,
,E922.26,,
,E922.27,,
,E922.28,,
,E922.29,,
,E922.3,,
,E922.30,,
,E922.31,,
,E922.32,,
,E922.33,,
,E922.34,,
,E922.35,,
,E922.36,,
,E922.37,,
,E922.38,,
,E922.39,,
,E922.8,,
,E922.80,,
,E922.81,,
,E922.82,,
,E922.83,,
,E922.84,,
,E922.85,,
,E922.86,,
,E922.87,,
,E922.88,,
,E922.89,,
,E922.9,,
,E922.90,,
,E922.91,,
,E922.92,,
,E922.93,,
,E922.94,,
,E922.95,,
,E922.96,,
,E922.97,,
,E922.98,,
,E922.99,,
,E923,,
,E923.0,,
,E923.00,,
,E923.01,,
,E923.02,,
,E923.03,,
,E923.04,,
,E923.05,,
,E923.06,,
,E923.07,,
,E923.08,,
,E923.09,,
,E923.1,,
,E923.10,,
,E923.11,,
,E923.12,,
,E923.13,,
,E923.14,,
,E923.15,,
,E923.16,,
,E923.17,,
,E923.18,,
,E923.19,,
,E923.2,,
,E923.20,,
,E923.21,,
,E923.22,,
,E923.23,,
,E923.24,,
,E923.25,,
,E923.26,,
,E923.27,,
,E923.28,,
,E923.29,,
,E923.8,,
,E923.80,,
,E923.81,,
,E923.82,,
,E923.83,,
,E923.84,,
,E923.85,,
,E923.86,,
,E923.87,,
,E923.88,,
,E923.89,,
,E923.9,,
,E923.90,,
,E923.91,,
,E923.92,,
,E923.93,,
,E923.94,,
,E923.95,,
,E923.96,,
,E923.97,,
,E923.98,,
,E923.99,,
,E924,,
,E924.0,,
,E924.00,,
,E924.01,,
,E924.02,,
,E924.03,,
,E924.04,,
,E924.05,,
,E924.06,,
,E924.07,,
,E924.08,,
,E924.09,,
,E924.1,,
,E924.10,,
,E924.11,,
,E924.12,,
,E924.13,,
,E924.14,,
,E924.15,,
,E924.16,,
,E924.17,,
,E924.18,,
,E924.19,,
,E924.8,,
,E924.80,,
,E924.81,,
,E924.82,,
,E924.83,,
,E924.84,,
,E924.85,,
,E924.86,,
,E924.87,,
,E924.88,,
,E924.89,,
,E924.9,,
,E924.90,,
,E924.91,,
,E924.92,,
,E924.93,,
,E924.94,,
,E924.95,,
,E924.96,,
,E924.97,,
,E924.98,,
,E924.99,,
,E925,,
,E925.0,,
,E925.00,,
,E925.01,,
,E925.02,,
,E925.03,,
,E925.04,,
,E925.05,,
,E925.06,,
,E925.07,,
,E925.08,,
,E925.09,,
,E925.1,,
,E925.10,,
,E925.11,,
,E925.12,,
,E925.13,,
,E925.14,,
,E925.15,,
,E925.16,,
,E925.17,,
,E925.18,,
,E925.19,,
,E925.2,,
,E925.20,,
,E925.21,,
,E925.22,,
,E925.23,,
,E925.24,,
,E925.25,,
,E925.26,,
,E925.27,,
,E925.28,,
,E925.29,,
,E925.8,,
,E925.80,,
,E925.81,,
,E925.82,,
,E925.83,,
,E925.84,,
,E925.85,,
,E925.86,,
,E925.87,,
,E925.88,,
,E925.89,,
,E925.9,,
,E925.90,,
,E925.91,,
,E925.92,,
,E925.93,,
,E925.94,,
,E925.95,,
,E925.96,,
,E925.97,,
,E925.98,,
,E925.99,,
,E926,,
,E926.0,,
,E926.00,,
,E926.01,,
,E926.02,,
,E926.03,,
,E926.04,,
,E926.05,,
,E926.06,,
,E926.07,,
,E926.08,,
,E926.09,,
,E926.1,,
,E926.10,,
,E926.11,,
,E926.12,,
,E926.13,,
,E926.14,,
,E926.15,,
,E926.16,,
,E926.17,,
,E926.18,,
,E926.19,,
,E926.2,,
,E926.20,,
,E926.21,,
,E926.22,,
,E926.23,,
,E926.24,,
,E926.25,,
,E926.26,,
,E926.27,,
,E926.28,,
,E926.29,,
,E926.3,,
,E926.30,,
,E926.31,,
,E926.32,,
,E926.33,,
,E926.34,,
,E926.35,,
,E926.36,,
,E926.37,,
,E926.38,,
,E926.39,,
,E926.4,,
,E926.40,,
,E926.41,,
,E926.42,,
,E926.43,,
,E926.44,,
,E926.45,,
,E926.46,,
,E926.47,,
,E926.48,,
,E926.49,,
,E926.5,,
,E926.50,,
,E926.51,,
,E926.52,,
,E926.53,,
,E926.54,,
,E926.55,,
,E926.56,,
,E926.57,,
,E926.58,,
,E926.59,,
,E926.8,,
,E926.80,,
,E926.81,,
,E926.82,,
,E926.83,,
,E926.84,,
,E926.85,,
,E926.86,,
,E926.87,,
,E926.88,,
,E926.89,,
,E926.9,,
,E926.90,,
,E926.91,,
,E926.92,,
,E926.93,,
,E926.94,,
,E926.95,,
,E926.96,,
,E926.97,,
,E926.98,,
,E926.99,,
,E927,,
,E927.0,,
,E927.00,,
,E927.01,,
,E927.02,,
,E927.03,,
,E927.04,,
,E927.05,,
,E927.06,,
,E927.07,,
,E927.08,,
,E927.09,,
,E928,,
,E928.0,,
,E928.00,,
,E928.01,,
,E928.02,,
,E928.03,,
,E928.04,,
,E928.05,,
,E928.06,,
,E928.07,,
,E928.08,,
,E928.09,,
,E928.1,,
,E928.10,,
,E928.11,,
,E928.12,,
,E928.13,,
,E928.14,,
,E928.15,,
,E928.16,,
,E928.17,,
,E928.18,,
,E928.19,,
,E928.2,,
,E928.20,,
,E928.21,,
,E928.22,,
,E928.23,,
,E928.24,,
,E928.25,,
,E928.26,,
,E928.27,,
,E928.28,,
,E928.29,,
,E928.8,,
,E928.80,,
,E928.81,,
,E928.82,,
,E928.83,,
,E928.84,,
,E928.85,,
,E928.86,,
,E928.87,,
,E928.88,,
,E928.89,,
,E929,,
,E929.0,,
,E929.1,,
,E929.2,,
,E929.3,,
,E929.4,,
,E929.5,,
,E929.8,,
,E930,,
,E930.0,,
,E930.1,,
,E930.2,,
,E930.3,,
,E930.4,,
,E930.5,,
,E930.6,,
,E930.7,,
,E930.8,,
,E930.9,,
,E931,,
,E931.0,,
,E931.1,,
,E931.2,,
,E931.3,,
,E931.4,,
,E931.5,,
,E931.6,,
,E931.7,,
,E931.8,,
,E931.9,,
,E932,,
,E932.0,,
,E932.1,,
,E932.2,,
,E932.3,,
,E932.4,,
,E932.5,,
,E932.6,,
,E932.7,,
,E932.8,,
,E932.9,,
,E933,,
,E933.0,,
,E933.1,,
,E933.2,,
,E933.3,,
,E933.4,,
,E933.5,,
,E933.8,,
,E933.9,,
,E934,,
,E934.0,,
,E934.1,,
,E934.2,,
,E934.3,,
,E934.4,,
,E934.5,,
,E934.6,,
,E934.7,,
,E934.8,,
,E934.9,,
,E935,,
,E935.0,,
,E935.1,,
,E935.2,,
,E935.3,,
,E935.4,,
,E935.5,,
,E935.6,,
,E935.7,,
,E935.8,,
,E935.9,,
,E936,,
,E936.0,,
,E936.1,,
,E936.2,,
,E936.3,,
,E936.4,,
,E937,,
,E937.0,,
,E937.1,,
,E937.2,,
,E937.3,,
,E937.4,,
,E937.5,,
,E937.6,,
,E937.8,,
,E937.9,,
,E938,,
,E938.0,,
,E938.1,,
,E938.2,,
,E938.3,,
,E938.4,,
,E938.5,,
,E938.6,,
,E938.7,,
,E938.9,,
,E939,,
,E939.0,,
,E939.1,,
,E939.2,,
,E939.3,,
,E939.4,,
,E939.5,,
,E939.6,,
,E939.7,,
,E939.8,,
,E939.9,,
,E940,,
,E940.0,,
,E940.1,,
,E940.8,,
,E940.9,,
,E941,,
,E941.0,,
,E941.1,,
,E941.2,,
,E941.3,,
,E941.9,,
,E942,,
,E942.0,,
,E942.1,,
,E942.2,,
,E942.3,,
,E942.4,,
,E942.5,,
,E942.6,,
,E942.7,,
,E942.8,,
,E942.9,,
,E943,,
,E943.0,,
,E943.1,,
,E943.2,,
,E943.3,,
,E943.4,,
,E943.5,,
,E943.6,,
,E943.8,,
,E943.9,,
,E944,,
,E944.0,,
,E944.1,,
,E944.2,,
,E944.3,,
,E944.4,,
,E944.5,,
,E944.6,,
,E944.7,,
,E945,,
,E945.0,,
,E945.1,,
,E945.2,,
,E945.3,,
,E945.4,,
,E945.5,,
,E945.6,,
,E945.7,,
,E945.8,,
,E946,,
,E946.0,,
,E946.1,,
,E946.2,,
,E946.3,,
,E946.4,,
,E946.5,,
,E946.6,,
,E946.7,,
,E946.8,,
,E946.9,,
,E947,,
,E947.0,,
,E947.1,,
,E947.2,,
,E947.3,,
,E947.4,,
,E947.8,,
,E947.9,,
,E948,,
,E948.0,,
,E948.1,,
,E948.2,,
,E948.3,,
,E948.4,,
,E948.5,,
,E948.6,,
,E948.8,,
,E948.9,,
,E949,,
,E949.0,,
,E949.1,,
,E949.2,,
,E949.3,,
,E949.4,,
,E949.5,,
,E949.6,,
,E949.7,,
,E949.9,,
,,,
,E850.0,,
,E850.1,,
,E850.2,,
,E850.9,,
,E851.0,,
,E852.0,,
,E852.1,,
,E852.2,,
,E852.3,,
,E852.4,,
,E852.5,,
,E852.8,,
,E852.9,,
,E853.0,,
,E853.1,,
,E853.2,,
,E853.8,,
,E853.9,,
,E854.0,,
,E854.1,,
,E854.2,,
,E854.3,,
,E860.0,,
,E860.1,,
,,,
,E842.2,,
,E845.2,,
,E842.1,,
,E842.5,,
,E845.3,,
,E842.3,,
,,,
,E980.0,,
,E980.1,,
,E980.2,,
,E980.3,,
,E980.4,,
,E980.5,,
,E980.6,,
,E980.7,,
,E980.8,,
,E980.9,,
,E981.8,,
,E982.0,,
,E982.1,,
,E982.8,,
,E983.0,,
,E983.1,,
,E983.8,,
,E983.9,,
,E984.0,,
,E985.0,,
,E985.1,,
,E985.2,,
,E985.4,,
,E985.5,,
,E986.0,,
,E987.0,,
,E987.1,,
,E987.2,,
,E987.9,,
,E988.0,,
,E988.1,,
,E988.2,,
,E988.3,,
,E988.4,,
,E988.5,,
,E988.6,,
,E988.8,,
,E988.9,,
,E989.0,,
,E981.0,,
,E981.1,,
,E982.9,,
,E988.7,,
,E985.3,,
,,,
,E929.9,,
,,,
,E928.9,,
,,,
,E829.1,,
,E829.3,,
,E828.1,,
,E828.3,,