"sex","age","year","stateFips","pop.old","pop.new","diff","percent.change"
1,0,2011,"01",154951,154621,330,0.212970551980949
1,0,2011,"02",27654,28529,875,3.16409922615173
1,0,2011,"04",229683,226263,3420,1.48900876425334
1,0,2011,"05",100423,100205,218,0.217081744221941
1,0,2011,"06",1298047,1295565,2482,0.19121033367821
1,0,2011,"08",175463,175204,259,0.147609467523068
1,0,2011,"09",100706,101143,437,0.433936408952793
1,0,2011,"10",28347,28357,10,0.0352771016333298
1,0,2011,"11",18490,18525,35,0.189291508923743
1,0,2011,"12",549130,548838,292,0.0531750223080145
1,0,2011,"13",349158,346981,2177,0.623499962767572
1,0,2011,"15",45744,46360,616,1.34662469394893
1,0,2011,"16",61084,61001,83,0.135878462445157
1,0,2011,"17",421728,420304,1424,0.337658395932924
1,0,2011,"18",219516,219150,366,0.166730443338982
1,0,2011,"19",101899,102072,173,0.169775954621733
1,0,2011,"20",103995,104446,451,0.433674695898841
1,0,2011,"21",143529,143522,7,0.00487706317190254
1,0,2011,"22",161482,159914,1568,0.971006056402571
1,0,2011,"23",34712,34716,4,0.0115233924867481
1,0,2011,"24",187055,187854,799,0.42714709577397
1,0,2011,"25",186913,187821,908,0.485787505416959
1,0,2011,"26",298576,299835,1259,0.421668184984728
1,0,2011,"27",179782,180425,643,0.357655382630074
1,0,2011,"28",107153,105707,1446,1.34947224996034
1,0,2011,"29",196270,197205,935,0.476384572272889
1,0,2011,"30",31629,31602,27,0.0853646969553258
1,0,2011,"31",67366,67385,19,0.0282041385862304
1,0,2011,"32",95221,93730,1491,1.56583106667647
1,0,2011,"33",34358,34689,331,0.963385528843355
1,0,2011,"34",273667,275453,1786,0.652617962706501
1,0,2011,"35",74507,73281,1226,1.64548297475405
1,0,2011,"36",595057,598549,3492,0.586834538540005
1,0,2011,"37",321820,320066,1754,0.545025169349326
1,0,2011,"38",22981,23377,396,1.72316261259301
1,0,2011,"39",362342,361863,479,0.13219555006044
1,0,2011,"40",135821,135136,685,0.504340271386604
1,0,2011,"41",121193,120757,436,0.359756751627569
1,0,2011,"42",369730,370874,1144,0.309414978497823
1,0,2011,"44",28629,28847,218,0.761465646721855
1,0,2011,"45",153983,151754,2229,1.4475623932512
1,0,2011,"46",30547,30830,283,0.926441221723901
1,0,2011,"47",206548,206062,486,0.23529639599512
1,0,2011,"48",1000675,988917,11758,1.17500687036251
1,0,2011,"49",134450,134570,120,0.0892525102268501
1,0,2011,"50",15994,16279,285,1.78191821933225
1,0,2011,"51",260112,261615,1503,0.577828012548441
1,0,2011,"53",226776,227422,646,0.284862595689138
1,0,2011,"54",52709,52734,25,0.0474302301314766
1,0,2011,"55",181311,181029,282,0.155533861707232
1,0,2011,"56",20126,20157,31,0.154029613435357
1,10,2011,"01",164412,164165,247,0.15023234313797
1,10,2011,"02",25717,26131,414,1.60983007349224
1,10,2011,"04",231008,229869,1139,0.493056517523203
1,10,2011,"05",102113,101942,171,0.167461537708225
1,10,2011,"06",1314915,1310232,4683,0.356144693763475
1,10,2011,"08",172426,172974,548,0.317817498521105
1,10,2011,"09",121665,121890,225,0.184934040192331
1,10,2011,"10",29144,29130,14,0.0480373318693385
1,10,2011,"11",12861,12562,299,2.32485809812612
1,10,2011,"12",578303,580404,2101,0.363304357750176
1,10,2011,"13",357065,357415,350,0.0980213686583675
1,10,2011,"15",41741,41717,24,0.0574974245945234
1,10,2011,"16",60757,60850,93,0.153068782197936
1,10,2011,"17",445012,444767,245,0.055054695154288
1,10,2011,"18",231087,231462,375,0.162276545197263
1,10,2011,"19",103413,103591,178,0.172125361414909
1,10,2011,"20",102547,102966,419,0.408593132904912
1,10,2011,"21",146516,146595,79,0.0539190259084332
1,10,2011,"22",158421,158461,40,0.0252491778236471
1,10,2011,"23",39988,39992,4,0.0100030009002701
1,10,2011,"24",192809,193184,375,0.194492995658916
1,10,2011,"25",205282,205591,309,0.15052464414805
1,10,2011,"26",341300,341797,497,0.145619689422795
1,10,2011,"27",180715,180944,229,0.126718866723847
1,10,2011,"28",107131,106741,390,0.364040287125108
1,10,2011,"29",202889,203038,149,0.0734391711724145
1,10,2011,"30",31491,31546,55,0.174653075481884
1,10,2011,"31",63356,63447,91,0.143632805101332
1,10,2011,"32",93952,93592,360,0.383174386920981
1,10,2011,"33",42750,42679,71,0.166081871345029
1,10,2011,"34",298131,298641,510,0.171065739557443
1,10,2011,"35",72337,72286,51,0.0705033385404426
1,10,2011,"36",611341,612981,1640,0.268262720805573
1,10,2011,"37",328344,328122,222,0.0676120166654484
1,10,2011,"38",20312,20388,76,0.374163056321386
1,10,2011,"39",394073,394804,731,0.185498625889112
1,10,2011,"40",131848,131996,148,0.112250470238456
1,10,2011,"41",123823,123658,165,0.133254726504769
1,10,2011,"42",401261,401363,102,0.0254198638791211
1,10,2011,"44",32149,32195,46,0.143083766213568
1,10,2011,"45",153864,153492,372,0.241771954453283
1,10,2011,"46",27930,27963,33,0.118152524167562
1,10,2011,"47",215700,215723,23,0.0106629578117756
1,10,2011,"48",981251,979885,1366,0.139210049212689
1,10,2011,"49",120377,120771,394,0.327305049968017
1,10,2011,"50",18965,19040,75,0.39546533087266
1,10,2011,"51",263363,264139,776,0.294650349517586
1,10,2011,"53",225114,225315,201,0.0892880940323569
1,10,2011,"54",55525,55609,84,0.15128320576317
1,10,2011,"55",191369,191746,377,0.19700160423057
1,10,2011,"56",18655,18752,97,0.519967837041008
1,15,2011,"01",170749,169258,1491,0.873211556143813
1,15,2011,"02",26570,27048,478,1.79902145276628
1,15,2011,"04",232498,233431,933,0.401293774570104
1,15,2011,"05",100864,101875,1011,1.00233978426396
1,15,2011,"06",1420449,1414776,5673,0.399380759182484
1,15,2011,"08",176243,176918,675,0.382993934510874
1,15,2011,"09",129724,131859,2135,1.64580185624865
1,15,2011,"10",31485,31644,159,0.505002382086708
1,15,2011,"11",18654,18656,2,0.0107215610592902
1,15,2011,"12",616167,616547,380,0.0616715922793658
1,15,2011,"13",360536,361949,1413,0.391916479907693
1,15,2011,"15",43554,43399,155,0.355880056940809
1,15,2011,"16",59001,58452,549,0.9304927035135
1,15,2011,"17",467166,466175,991,0.21213016358211
1,15,2011,"18",241180,240632,548,0.227216187080189
1,15,2011,"19",110601,111095,494,0.446650572779631
1,15,2011,"20",105800,105304,496,0.468809073724008
1,15,2011,"21",149098,149290,192,0.128774363170532
1,15,2011,"22",160239,159369,870,0.542938984891319
1,15,2011,"23",44463,44671,208,0.467804691541282
1,15,2011,"24",204111,206276,2165,1.06069736564908
1,15,2011,"25",233085,236502,3417,1.46598880236823
1,15,2011,"26",367461,367406,55,0.0149675747902498
1,15,2011,"27",187755,187917,162,0.0862826555883998
1,15,2011,"28",110900,110166,734,0.661857529305681
1,15,2011,"29",212356,212014,342,0.161050311740662
1,15,2011,"30",34847,34517,330,0.946996872040635
1,15,2011,"31",66904,66487,417,0.623281119215592
1,15,2011,"32",91525,91282,243,0.265501229172357
1,15,2011,"33",47378,47671,293,0.618430495166533
1,15,2011,"34",305437,307711,2274,0.744507050553797
1,15,2011,"35",74722,75091,369,0.493830464923316
1,15,2011,"36",677542,681957,4415,0.651620120966671
1,15,2011,"37",336066,336200,134,0.0398731201609208
1,15,2011,"38",25012,24997,15,0.0599712138173677
1,15,2011,"39",411083,412171,1088,0.26466674613156
1,15,2011,"40",134353,133858,495,0.36843241312066
1,15,2011,"41",128252,127611,641,0.499797274116583
1,15,2011,"42",452844,452159,685,0.151266219713632
1,15,2011,"44",39106,39088,18,0.0460287423924717
1,15,2011,"45",163850,163846,4,0.00244125724748245
1,15,2011,"46",29814,29866,52,0.174414704501241
1,15,2011,"47",218830,219170,340,0.155371749760088
1,15,2011,"48",971258,969499,1759,0.181105329376952
1,15,2011,"49",111516,110960,556,0.498583162954195
1,15,2011,"50",23558,23623,65,0.275914763562272
1,15,2011,"51",278413,279446,1033,0.371031525108382
1,15,2011,"53",231343,231294,49,0.0211806711246936
1,15,2011,"54",60540,60070,470,0.776346217376941
1,15,2011,"55",204123,203229,894,0.437971223233051
1,15,2011,"56",19390,19242,148,0.763280041258381
1,20,2011,"01",173150,172845,305,0.17614784868611
1,20,2011,"02",30230,31077,847,2.8018524644393
1,20,2011,"04",240563,240200,363,0.150896023079193
1,20,2011,"05",104010,104757,747,0.718200173060283
1,20,2011,"06",1487215,1485777,1438,0.0966907945387856
1,20,2011,"08",187764,187044,720,0.38346008819582
1,20,2011,"09",117219,118377,1158,0.987894453970773
1,20,2011,"10",32626,32545,81,0.248268252314105
1,20,2011,"11",27531,27666,135,0.4903563255966
1,20,2011,"12",655862,655427,435,0.0663249281098768
1,20,2011,"13",360352,358672,1680,0.466210816090933
1,20,2011,"15",53744,54481,737,1.3713158678178
1,20,2011,"16",55911,55852,59,0.105524851996924
1,20,2011,"17",449936,449003,933,0.207362824935102
1,20,2011,"18",233320,233975,655,0.280730327447283
1,20,2011,"19",111837,112824,987,0.882534402746855
1,20,2011,"20",107593,107269,324,0.301134832191685
1,20,2011,"21",152805,153243,438,0.28663983508393
1,20,2011,"22",172775,172041,734,0.424829981189408
1,20,2011,"23",40601,40559,42,0.103445727937736
1,20,2011,"24",203471,204450,979,0.481149647861366
1,20,2011,"25",237131,239765,2634,1.11077843048779
1,20,2011,"26",353712,352430,1282,0.362441760528339
1,20,2011,"27",181081,181003,78,0.0430746461528266
1,20,2011,"28",109367,109652,285,0.260590488904331
1,20,2011,"29",211028,211040,12,0.00568644919157647
1,20,2011,"30",35874,36053,179,0.498968612365501
1,20,2011,"31",66146,66728,582,0.879871798748224
1,20,2011,"32",94530,94040,490,0.518353961705279
1,20,2011,"33",43731,43743,12,0.0274404884406942
1,20,2011,"34",282734,283685,951,0.336358556098665
1,20,2011,"35",76018,76499,481,0.632744876213528
1,20,2011,"36",724065,724892,827,0.11421626511432
1,20,2011,"37",344767,344891,124,0.0359663192822979
1,20,2011,"38",32673,32850,177,0.541731705077587
1,20,2011,"39",390763,392092,1329,0.340103848112539
1,20,2011,"40",143154,141745,1409,0.984254718694553
1,20,2011,"41",133005,132096,909,0.683432953648359
1,20,2011,"42",447862,448288,426,0.0951185856357539
1,20,2011,"44",42184,42049,135,0.320026550350844
1,20,2011,"45",173590,174832,1242,0.715479002246673
1,20,2011,"46",30021,30063,42,0.139902068552014
1,20,2011,"47",220523,220267,256,0.116087664325263
1,20,2011,"48",961071,961185,114,0.0118617667165069
1,20,2011,"49",120475,117638,2837,2.35484540361071
1,20,2011,"50",22988,22750,238,1.0353227771011
1,20,2011,"51",301085,301048,37,0.0122888885198532
1,20,2011,"53",252277,250702,1575,0.624313750361706
1,20,2011,"54",61957,62094,137,0.221121100117824
1,20,2011,"55",198230,196831,1399,0.705745850779398
1,20,2011,"56",21756,21612,144,0.66188637617209
1,25,2011,"01",152969,152934,35,0.022880452902222
1,25,2011,"02",29472,30188,716,2.42942453854506
1,25,2011,"04",229085,226284,2801,1.22269026780453
1,25,2011,"05",96715,95967,748,0.773406400248152
1,25,2011,"06",1432358,1429103,3255,0.227247657359403
1,25,2011,"08",196445,196377,68,0.0346152867214742
1,25,2011,"09",110443,110696,253,0.229077442662731
1,25,2011,"10",29392,29288,104,0.35383777898748
1,25,2011,"11",33817,34191,374,1.10595262737676
1,25,2011,"12",610109,612138,2029,0.332563525533962
1,25,2011,"13",341044,337887,3157,0.925687008127983
1,25,2011,"15",53012,53366,354,0.667773334339395
1,25,2011,"16",54147,54505,358,0.661163129997968
1,25,2011,"17",455853,454552,1301,0.285399021175686
1,25,2011,"18",209382,209135,247,0.117966205308957
1,25,2011,"19",101092,101502,410,0.40557116290112
1,25,2011,"20",100758,100776,18,0.017864586434824
1,25,2011,"21",142430,141779,651,0.457066629221372
1,25,2011,"22",166977,167131,154,0.0922282709594735
1,25,2011,"23",36509,36536,27,0.0739543674162535
1,25,2011,"24",198945,199672,727,0.365427630752218
1,25,2011,"25",225189,226472,1283,0.569743637566666
1,25,2011,"26",294686,294880,194,0.0658327847267939
1,25,2011,"27",188078,187145,933,0.496070779144823
1,25,2011,"28",97036,97266,230,0.237025433859599
1,25,2011,"29",201833,201659,174,0.0862098863912244
1,25,2011,"30",32853,32999,146,0.444403859617082
1,25,2011,"31",65682,65731,49,0.0746018696142018
1,25,2011,"32",99953,99406,547,0.547257210889118
1,25,2011,"33",37891,38034,143,0.377398326779446
1,25,2011,"34",282229,282716,487,0.172554911082844
1,25,2011,"35",73235,72663,572,0.781047313443026
1,25,2011,"36",696240,697608,1368,0.196483971044467
1,25,2011,"37",313234,312443,791,0.252526864899724
1,25,2011,"38",27318,27330,12,0.0439270810454645
1,25,2011,"39",359006,358882,124,0.0345398127050801
1,25,2011,"40",136048,135599,449,0.330030577443255
1,25,2011,"41",133775,132957,818,0.611474490749393
1,25,2011,"42",401399,403624,2225,0.554311296241396
1,25,2011,"44",33263,33791,528,1.58734930703785
1,25,2011,"45",152558,152319,239,0.15666172865402
1,25,2011,"46",29267,29101,166,0.567191717634196
1,25,2011,"47",207528,206223,1305,0.628830808372846
1,25,2011,"48",953115,951317,1798,0.188644602172875
1,25,2011,"49",113690,114178,488,0.429237399947225
1,25,2011,"50",17815,17789,26,0.145944428852091
1,25,2011,"51",289839,290576,737,0.254279099776083
1,25,2011,"53",252927,251726,1201,0.474840566645712
1,25,2011,"54",54324,54679,355,0.653486488476548
1,25,2011,"55",188531,187747,784,0.415846730776371
1,25,2011,"56",21547,21505,42,0.194922727061772
1,30,2011,"01",149620,149613,7,0.00467851891458361
1,30,2011,"02",25185,25829,644,2.55707762557078
1,30,2011,"04",217891,217554,337,0.154664488207406
1,30,2011,"05",94869,94755,114,0.120165702178794
1,30,2011,"06",1341241,1339862,1379,0.102815228583081
1,30,2011,"08",188335,188357,22,0.0116813125547562
1,30,2011,"09",104109,104208,99,0.0950926432873239
1,30,2011,"10",27399,27380,19,0.0693455965546188
1,30,2011,"11",28833,29295,462,1.60233066278223
1,30,2011,"12",571595,573387,1792,0.313508690593865
1,30,2011,"13",333754,331200,2554,0.765234274345776
1,30,2011,"15",46949,47193,244,0.519712879933545
1,30,2011,"16",53353,53333,20,0.0374861769722415
1,30,2011,"17",441942,441156,786,0.177851392264143
1,30,2011,"18",209649,209086,563,0.268544090360555
1,30,2011,"19",97452,98154,702,0.720354636128556
1,30,2011,"20",94508,94634,126,0.133322046810852
1,30,2011,"21",144726,144099,627,0.43323245304921
1,30,2011,"22",154295,154699,404,0.261836093198095
1,30,2011,"23",36210,36116,94,0.259596796465065
1,30,2011,"24",186440,187487,1047,0.561574769362798
1,30,2011,"25",204050,205084,1034,0.506738544474393
1,30,2011,"26",289758,288795,963,0.3323463027768
1,30,2011,"27",181316,181484,168,0.0926559156389949
1,30,2011,"28",94892,95061,169,0.178097205243856
1,30,2011,"29",192147,192349,202,0.105127844827138
1,30,2011,"30",31388,31485,97,0.309035300114693
1,30,2011,"31",61635,61835,200,0.324490954814635
1,30,2011,"32",99354,98951,403,0.405620307184411
1,30,2011,"33",36128,36134,6,0.016607617360496
1,30,2011,"34",280355,280542,187,0.0667011467603574
1,30,2011,"35",66863,66956,93,0.139090378834333
1,30,2011,"36",646373,647800,1427,0.220770360148088
1,30,2011,"37",311058,309039,2019,0.649075092105009
1,30,2011,"38",22958,23123,165,0.718703719836223
1,30,2011,"39",351892,351463,429,0.121912404942426
1,30,2011,"40",126858,126975,117,0.0922291065600908
1,30,2011,"41",134386,133888,498,0.370574315776941
1,30,2011,"42",375133,376326,1193,0.318020542047754
1,30,2011,"44",30954,31148,194,0.62673644763197
1,30,2011,"45",146131,146049,82,0.0561140346675243
1,30,2011,"46",26906,26883,23,0.0854827919423177
1,30,2011,"47",205885,205384,501,0.243339728489205
1,30,2011,"48",912904,912797,107,0.0117208381166037
1,30,2011,"49",114340,113902,438,0.383068042679727
1,30,2011,"50",17320,17261,59,0.340646651270208
1,30,2011,"51",272260,273632,1372,0.503930066847866
1,30,2011,"53",239655,239551,104,0.043395714673176
1,30,2011,"54",57503,57385,118,0.205206684868616
1,30,2011,"55",183627,183447,180,0.0980248002744694
1,30,2011,"56",19836,19817,19,0.0957854406130268
1,35,2011,"01",144329,144425,96,0.0665146990556298
1,35,2011,"02",22685,23120,435,1.91756667401367
1,35,2011,"04",205346,205482,136,0.0662296806365841
1,35,2011,"05",89262,89479,217,0.243104568573413
1,35,2011,"06",1267242,1265895,1347,0.106293825488739
1,35,2011,"08",178373,178220,153,0.0857753135283928
1,35,2011,"09",103709,103571,138,0.133064632770541
1,35,2011,"10",25835,25851,16,0.061931488291078
1,35,2011,"11",21636,21994,358,1.65464965797745
1,35,2011,"12",569235,569810,575,0.10101276274298
1,35,2011,"13",329688,328437,1251,0.379449661498144
1,35,2011,"15",43135,43420,285,0.66071635562768
1,35,2011,"16",48417,48638,221,0.456451246463019
1,35,2011,"17",414907,414909,2,0.00048203573330891
1,35,2011,"18",201210,201320,110,0.0546692510312609
1,35,2011,"19",87550,87976,426,0.486579097658481
1,35,2011,"20",85150,85330,180,0.211391661773341
1,35,2011,"21",138805,138500,305,0.219732718562011
1,35,2011,"22",135163,135682,519,0.383980823154266
1,35,2011,"23",36950,36859,91,0.246278755074425
1,35,2011,"24",175524,176574,1050,0.598208791960074
1,35,2011,"25",196462,197052,590,0.300312528631491
1,35,2011,"26",286916,286089,827,0.288237672350096
1,35,2011,"27",161045,161443,398,0.247135893694309
1,35,2011,"28",88379,88863,484,0.547641408026794
1,35,2011,"29",176073,176466,393,0.223202876079808
1,35,2011,"30",27838,27961,123,0.441842086356779
1,35,2011,"31",55356,55514,158,0.28542524748898
1,35,2011,"32",94209,93980,229,0.243076563810252
1,35,2011,"33",38006,37806,200,0.526232700099984
1,35,2011,"34",280292,280770,478,0.170536440569121
1,35,2011,"35",60462,60657,195,0.322516622010519
1,35,2011,"36",596031,598042,2011,0.337398558128688
1,35,2011,"37",312361,311468,893,0.285887162609929
1,35,2011,"38",19284,19364,80,0.414851690520639
1,35,2011,"39",339749,339404,345,0.101545552746292
1,35,2011,"40",115004,115167,163,0.141734200549546
1,35,2011,"41",125396,125657,261,0.208140610545791
1,35,2011,"42",363500,363116,384,0.105639614855571
1,35,2011,"44",29732,29804,72,0.242163325709673
1,35,2011,"45",140800,140769,31,0.0220170454545455
1,35,2011,"46",23400,23493,93,0.397435897435897
1,35,2011,"47",201894,201534,360,0.178311391126036
1,35,2011,"48",869841,869507,334,0.0383978221307112
1,35,2011,"49",93067,94034,967,1.03903639313613
1,35,2011,"50",17146,17059,87,0.507406975387846
1,35,2011,"51",259812,260072,260,0.100072360014164
1,35,2011,"53",221931,222083,152,0.0684897558250087
1,35,2011,"54",57074,57130,56,0.0981182324701265
1,35,2011,"55",168412,168523,111,0.065909792651355
1,35,2011,"56",17289,17302,13,0.0751923188154318
1,40,2011,"01",152993,153722,729,0.476492388540652
1,40,2011,"02",23995,24480,485,2.02125442800583
1,40,2011,"04",209943,210581,638,0.303892008783336
1,40,2011,"05",91949,92222,273,0.296903718365616
1,40,2011,"06",1327666,1325520,2146,0.161637038231001
1,40,2011,"08",181261,181778,517,0.285224069159941
1,40,2011,"09",125057,124389,668,0.53415642467035
1,40,2011,"10",29321,29131,190,0.64799972715801
1,40,2011,"11",19834,20104,270,1.36129877987295
1,40,2011,"12",626555,628796,2241,0.357670116749527
1,40,2011,"13",348522,349440,918,0.263398006438618
1,40,2011,"15",45073,44957,116,0.257360282208861
1,40,2011,"16",48824,48981,157,0.321563165656235
1,40,2011,"17",434296,434826,530,0.122036583344079
1,40,2011,"18",214651,215201,550,0.256229880131003
1,40,2011,"19",94848,94946,98,0.103323211875843
1,40,2011,"20",88012,87944,68,0.0772621915193383
1,40,2011,"21",146999,147313,314,0.213606895285002
1,40,2011,"22",142044,142191,147,0.103489059727972
1,40,2011,"23",44334,44290,44,0.0992466278702576
1,40,2011,"24",199874,199960,86,0.0430271070774588
1,40,2011,"25",225746,225331,415,0.183834929522561
1,40,2011,"26",328452,328247,205,0.0624139904765384
1,40,2011,"27",177452,176981,471,0.2654238892771
1,40,2011,"28",91662,92364,702,0.765857170910519
1,40,2011,"29",189241,189480,239,0.126293984918702
1,40,2011,"30",29100,29134,34,0.116838487972509
1,40,2011,"31",56141,56199,58,0.103311305463031
1,40,2011,"32",99966,100236,270,0.270091831222616
1,40,2011,"33",47392,47151,241,0.508524645509791
1,40,2011,"34",315086,314624,462,0.146626635267832
1,40,2011,"35",62527,62478,49,0.0783661458250036
1,40,2011,"36",659060,658722,338,0.0512851637180226
1,40,2011,"37",335332,335838,506,0.150895232187802
1,40,2011,"38",19745,19680,65,0.329197265130413
1,40,2011,"39",378989,379101,112,0.0295523089060632
1,40,2011,"40",116432,116820,388,0.333241720489213
1,40,2011,"41",128787,129257,470,0.364943666674431
1,40,2011,"42",419668,419260,408,0.0972197070064909
1,40,2011,"44",34793,34812,19,0.0546086856551605
1,40,2011,"45",150515,150845,330,0.219247251104541
1,40,2011,"46",24178,24137,41,0.169575647282654
1,40,2011,"47",215788,215951,163,0.075537101228984
1,40,2011,"48",869624,871610,1986,0.228374561879617
1,40,2011,"49",82118,82792,674,0.820770111303247
1,40,2011,"50",20335,20168,167,0.821244160314728
1,40,2011,"51",281265,281320,55,0.0195545126482143
1,40,2011,"53",237622,237473,149,0.0627046317260186
1,40,2011,"54",61090,61311,221,0.361761335734163
1,40,2011,"55",190023,189197,826,0.434684222436231
1,40,2011,"56",17464,17483,19,0.10879523591388
1,45,2011,"01",164110,164251,141,0.0859179818414478
1,45,2011,"02",26784,27226,442,1.65023894862605
1,45,2011,"04",209082,209294,212,0.101395624683139
1,45,2011,"05",98701,98706,5,0.00506580480440928
1,45,2011,"06",1324416,1324995,579,0.0437173818498115
1,45,2011,"08",179604,179186,418,0.232734237544821
1,45,2011,"09",138543,138782,239,0.172509617952549
1,45,2011,"10",32239,32230,9,0.0279164986507026
1,45,2011,"11",19466,19623,157,0.806534470358574
1,45,2011,"12",681074,683046,1972,0.289542692864505
1,45,2011,"13",349759,350945,1186,0.33909063097733
1,45,2011,"15",46827,46752,75,0.160164007944135
1,45,2011,"16",49953,49941,12,0.0240225812263528
1,45,2011,"17",450582,451193,611,0.135602398675491
1,45,2011,"18",227451,227584,133,0.058474132890161
1,45,2011,"19",103638,103525,113,0.109033366139833
1,45,2011,"20",96201,95724,477,0.495836841612873
1,45,2011,"21",155880,156089,209,0.134077495509366
1,45,2011,"22",153930,154255,325,0.211134931462353
1,45,2011,"23",50836,50837,1,0.00196710992210245
1,45,2011,"24",217289,217887,598,0.275209513597099
1,45,2011,"25",247098,247772,674,0.272766270872285
1,45,2011,"26",355436,355559,123,0.034605386061063
1,45,2011,"27",195510,195159,351,0.179530458800061
1,45,2011,"28",97967,98074,107,0.109220451784785
1,45,2011,"29",210763,210116,647,0.306979877872302
1,45,2011,"30",33362,33182,180,0.539535999040825
1,45,2011,"31",61741,61525,216,0.349848560923859
1,45,2011,"32",98095,98392,297,0.302767725164381
1,45,2011,"33",53686,53658,28,0.0521551242409567
1,45,2011,"34",337612,338078,466,0.138028269137353
1,45,2011,"35",68356,67786,570,0.833869740768916
1,45,2011,"36",696671,699065,2394,0.343634226198593
1,45,2011,"37",337245,337973,728,0.21586680306602
1,45,2011,"38",22314,22151,163,0.73048310477727
1,45,2011,"39",405139,405271,132,0.0325814103307754
1,45,2011,"40",124722,124460,262,0.210067189429291
1,45,2011,"41",126835,127141,306,0.24125832774865
1,45,2011,"42",456076,456601,525,0.115112393548444
1,45,2011,"44",38234,38333,99,0.258931840769995
1,45,2011,"45",158632,158609,23,0.0144989661606738
1,45,2011,"46",27831,27623,208,0.747368042829938
1,45,2011,"47",223984,224276,292,0.130366454746768
1,45,2011,"48",867114,866450,664,0.0765758596908826
1,45,2011,"49",76139,76225,86,0.112951312730664
1,45,2011,"50",23256,23184,72,0.309597523219814
1,45,2011,"51",298545,298887,342,0.114555594633975
1,45,2011,"53",239591,239135,456,0.190324344403588
1,45,2011,"54",63967,64147,180,0.281395094345522
1,45,2011,"55",211062,210900,162,0.0767546976717742
1,45,2011,"56",18725,18578,147,0.785046728971963
1,50,2011,"01",168915,169107,192,0.11366663706598
1,50,2011,"02",28846,29305,459,1.59120848644526
1,50,2011,"04",206860,207175,315,0.152276902252731
1,50,2011,"05",100222,100264,42,0.0419069665342939
1,50,2011,"06",1288509,1290075,1566,0.121535821635705
1,50,2011,"08",185851,185434,417,0.224373288279321
1,50,2011,"09",140734,140762,28,0.0198956897409297
1,50,2011,"10",32092,32120,28,0.0872491586688271
1,50,2011,"11",18488,18638,150,0.81133708351363
1,50,2011,"12",666798,670398,3600,0.539893640952732
1,50,2011,"13",330481,331725,1244,0.376421034794739
1,50,2011,"15",48085,48051,34,0.070708121035666
1,50,2011,"16",52466,52439,27,0.0514618991346777
1,50,2011,"17",460434,460827,393,0.0853542527267752
1,50,2011,"18",235673,235661,12,0.0050918009275564
1,50,2011,"19",112152,111930,222,0.197945645195806
1,50,2011,"20",101434,101154,280,0.276041563972632
1,50,2011,"21",158144,157969,175,0.110658640226629
1,50,2011,"22",161731,161689,42,0.025969047368779
1,50,2011,"23",54520,54574,54,0.099046221570066
1,50,2011,"24",214999,215709,710,0.330234094112066
1,50,2011,"25",245468,245993,525,0.213877165251682
1,50,2011,"26",374966,374807,159,0.0424038446152451
1,50,2011,"27",204205,204298,93,0.0455424695771406
1,50,2011,"28",101021,101061,40,0.0395957276209897
1,50,2011,"29",220783,220788,5,0.00226466711658053
1,50,2011,"30",38311,38096,215,0.561196523191773
1,50,2011,"31",65447,65332,115,0.175714700444635
1,50,2011,"32",93298,93660,362,0.388004030097108
1,50,2011,"33",56640,56603,37,0.0653248587570621
1,50,2011,"34",333138,334007,869,0.260852859775829
1,50,2011,"35",71939,71760,179,0.248821918569899
1,50,2011,"36",694834,696544,1710,0.246101946652006
1,50,2011,"37",329264,330022,758,0.230210408669032
1,50,2011,"38",25419,25298,121,0.476021873401786
1,50,2011,"39",434852,433970,882,0.202827628710458
1,50,2011,"40",130854,130802,52,0.0397389456952023
1,50,2011,"41",134741,134442,299,0.22190721458205
1,50,2011,"42",486211,485113,1098,0.225827881310789
1,50,2011,"44",39035,39103,68,0.174202638657615
1,50,2011,"45",159651,159480,171,0.107108630700716
1,50,2011,"46",30047,29962,85,0.282890138782574
1,50,2011,"47",224349,224073,276,0.123022612090983
1,50,2011,"48",847460,847614,154,0.0181719491185425
1,50,2011,"49",76724,76745,21,0.0273708357228507
1,50,2011,"50",25784,25710,74,0.286999689730065
1,50,2011,"51",293486,294144,658,0.224201495130943
1,50,2011,"53",247642,247176,466,0.188174865329791
1,50,2011,"54",69897,69639,258,0.369114554272716
1,50,2011,"55",220805,220862,57,0.0258146328208147
1,50,2011,"56",22126,21947,179,0.809002982916026
1,5,2011,"01",155515,155419,96,0.0617303797061377
1,5,2011,"02",26090,26305,215,0.824070525105404
1,5,2011,"04",230825,229695,1130,0.48954835914654
1,5,2011,"05",100677,100754,77,0.0764822154017303
1,5,2011,"06",1286705,1283674,3031,0.235562930119958
1,5,2011,"08",179474,179577,103,0.0573899283461671
1,5,2011,"09",112314,112331,17,0.0151361361896113
1,5,2011,"10",28687,28650,37,0.128978282845888
1,5,2011,"11",13753,13394,359,2.61033956227732
1,5,2011,"12",551227,553385,2158,0.391490257189869
1,5,2011,"13",354460,353692,768,0.216667607064267
1,5,2011,"15",43391,43261,130,0.299601299808716
1,5,2011,"16",62135,62244,109,0.17542447895711
1,5,2011,"17",435859,434565,1294,0.296885001801041
1,5,2011,"18",225695,226080,385,0.170584195485057
1,5,2011,"19",102684,103146,462,0.449924038798644
1,5,2011,"20",103040,103603,563,0.546389751552795
1,5,2011,"21",144284,144659,375,0.259904078068254
1,5,2011,"22",156608,156654,46,0.0293727012668574
1,5,2011,"23",37714,37728,14,0.0371214933446466
1,5,2011,"24",186321,186471,150,0.080506223131048
1,5,2011,"25",194645,194988,343,0.176218243468879
1,5,2011,"26",318697,319275,578,0.181363489458639
1,5,2011,"27",181768,182161,393,0.216209673869988
1,5,2011,"28",104584,104730,146,0.139600703740534
1,5,2011,"29",198931,199450,519,0.26089448100095
1,5,2011,"30",31095,31329,234,0.752532561505065
1,5,2011,"31",66351,66624,273,0.411448207261383
1,5,2011,"32",93825,93115,710,0.756727950972555
1,5,2011,"33",38575,38648,73,0.189241736876215
1,5,2011,"34",286284,286461,177,0.0618267175252546
1,5,2011,"35",73614,73176,438,0.594995517157063
1,5,2011,"36",590299,590909,610,0.103337461184925
1,5,2011,"37",325379,324630,749,0.23019309789507
1,5,2011,"38",21094,21423,329,1.55968521854556
1,5,2011,"39",376066,376584,518,0.137741779368515
1,5,2011,"40",133957,134046,89,0.0664392304993393
1,5,2011,"41",121309,121352,43,0.0354466692496023
1,5,2011,"42",381762,382457,695,0.182050596968792
1,5,2011,"44",30890,30817,73,0.236322434444804
1,5,2011,"45",150793,150650,143,0.094831988222265
1,5,2011,"46",28833,29126,293,1.01619671903721
1,5,2011,"47",209490,209842,352,0.168027113466037
1,5,2011,"48",997795,993121,4674,0.468432894532444
1,5,2011,"49",129663,130087,424,0.327001534747769
1,5,2011,"50",17437,17533,96,0.55055342088662
1,5,2011,"51",261816,262266,450,0.171876432303603
1,5,2011,"53",220718,221388,670,0.303554762185232
1,5,2011,"54",54052,54196,144,0.266410123584696
1,5,2011,"55",187096,187524,428,0.228759567280968
1,5,2011,"56",19471,19660,189,0.970674336192286
1,55,2011,"01",153650,153796,146,0.0950211519687602
1,55,2011,"02",26332,26852,520,1.97478353334346
1,55,2011,"04",184033,184077,44,0.0239087554949384
1,55,2011,"05",91058,90910,148,0.162533769685256
1,55,2011,"06",1108638,1110555,1917,0.172914873926385
1,55,2011,"08",166742,166452,290,0.173921387532835
1,55,2011,"09",121298,121502,204,0.168180843872117
1,55,2011,"10",28270,28336,66,0.233463035019455
1,55,2011,"11",16397,16538,141,0.859913398792462
1,55,2011,"12",588335,590241,1906,0.323965087917598
1,55,2011,"13",281384,282117,733,0.260498109345236
1,55,2011,"15",46501,46317,184,0.395690415259887
1,55,2011,"16",49497,49330,167,0.337394185506192
1,55,2011,"17",403602,403943,341,0.0844891749793113
1,55,2011,"18",211495,211340,155,0.0732877845811958
1,55,2011,"19",104682,104307,375,0.358227775548805
1,55,2011,"20",92477,92358,119,0.128680644917115
1,55,2011,"21",143382,143031,351,0.244800602586099
1,55,2011,"22",146124,146402,278,0.190249377241247
1,55,2011,"23",50848,50829,19,0.0373662680931403
1,55,2011,"24",184943,185100,157,0.0848910204765793
1,55,2011,"25",214711,215050,339,0.15788664763333
1,55,2011,"26",341229,341271,42,0.0123084497507539
1,55,2011,"27",179944,179933,11,0.00611301293735829
1,55,2011,"28",91260,91413,153,0.167652859960552
1,55,2011,"29",194310,194332,22,0.0113221141474963
1,55,2011,"30",38304,38110,194,0.506474519632414
1,55,2011,"31",59984,59686,298,0.49679914643905
1,55,2011,"32",82737,82824,87,0.10515247108307
1,55,2011,"33",49348,49361,13,0.0263435194942044
1,55,2011,"34",281749,282780,1031,0.365928539231728
1,55,2011,"35",66764,66600,164,0.245641363609131
1,55,2011,"36",608370,609309,939,0.154346861285073
1,55,2011,"37",294369,294289,80,0.0271767747283172
1,55,2011,"38",24513,24324,189,0.771019459062538
1,55,2011,"39",393680,393669,11,0.00279414753098964
1,55,2011,"40",118386,118211,175,0.147821532951531
1,55,2011,"41",134346,133947,399,0.296994328078246
1,55,2011,"42",442680,442440,240,0.0542152344808891
1,55,2011,"44",35102,35148,46,0.131046664007749
1,55,2011,"45",146044,145728,316,0.216373147818466
1,55,2011,"46",28395,28233,162,0.570522979397781
1,55,2011,"47",203599,203536,63,0.0309431775205183
1,55,2011,"48",721733,722533,800,0.110844315002917
1,55,2011,"49",68582,68608,26,0.0379108220815958
1,55,2011,"50",24430,24384,46,0.18829308227589
1,55,2011,"51",254475,254894,419,0.164652716376854
1,55,2011,"53",227704,227152,552,0.242419983838668
1,55,2011,"54",68898,68531,367,0.532671485384191
1,55,2011,"55",198366,198108,258,0.130062611536251
1,55,2011,"56",21561,21478,83,0.384954315662539
1,60,2011,"01",137935,138085,150,0.108746873527386
1,60,2011,"02",20174,20820,646,3.2021413700803
1,60,2011,"04",175504,175245,259,0.147574984045948
1,60,2011,"05",84008,83852,156,0.185696600323779
1,60,2011,"06",929049,930423,1374,0.147893168175199
1,60,2011,"08",142168,142314,146,0.10269540262225
1,60,2011,"09",101166,100957,209,0.206591147223375
1,60,2011,"10",26447,26313,134,0.506673724808107
1,60,2011,"11",14316,14283,33,0.230511316010059
1,60,2011,"12",560512,560487,25,0.00446020781000228
1,60,2011,"13",246662,246597,65,0.026351849899863
1,60,2011,"15",42460,42580,120,0.282618935468676
1,60,2011,"16",44178,44240,62,0.140341346371497
1,60,2011,"17",338332,339161,829,0.245025596159985
1,60,2011,"18",179263,179483,220,0.122724711736387
1,60,2011,"19",89025,89323,298,0.334737433305251
1,60,2011,"20",78429,78433,4,0.00510015427966696
1,60,2011,"21",127966,127987,21,0.0164106090680337
1,60,2011,"22",123999,124416,417,0.336293034621247
1,60,2011,"23",46810,46787,23,0.0491348002563555
1,60,2011,"24",158422,158193,229,0.144550630594236
1,60,2011,"25",186759,186600,159,0.0851364592871026
1,60,2011,"26",292387,293224,837,0.28626443720138
1,60,2011,"27",148259,149019,760,0.512616434752696
1,60,2011,"28",81116,81128,12,0.0147936288771636
1,60,2011,"29",168495,168689,194,0.115136947683908
1,60,2011,"30",34476,34521,45,0.130525583014271
1,60,2011,"31",50339,50528,189,0.375454419038916
1,60,2011,"32",77482,77354,128,0.165199659275703
1,60,2011,"33",42768,42772,4,0.00935278713056491
1,60,2011,"34",237597,237402,195,0.0820717433300926
1,60,2011,"35",61152,61131,21,0.0343406593406593
1,60,2011,"36",526662,527334,672,0.127596067306925
1,60,2011,"37",268089,267636,453,0.168973736333829
1,60,2011,"38",19615,19793,178,0.907468773897527
1,60,2011,"39",340538,340980,442,0.129794619102714
1,60,2011,"40",103440,103329,111,0.107308584686775
1,60,2011,"41",122894,123250,356,0.289680537699155
1,60,2011,"42",380879,381201,322,0.0845412847649779
1,60,2011,"44",30198,30108,90,0.29803298231671
1,60,2011,"45",139508,139080,428,0.306792442010494
1,60,2011,"46",23899,24074,175,0.732248211222227
1,60,2011,"47",187189,186719,470,0.251083129884769
1,60,2011,"48",601485,601499,14,0.00232757259117019
1,60,2011,"49",56424,56580,156,0.276478094427903
1,60,2011,"50",21839,21914,75,0.343422317871697
1,60,2011,"51",223045,222590,455,0.203994709587751
1,60,2011,"53",197985,197685,300,0.151526630805364
1,60,2011,"54",65320,65328,8,0.0122473974280465
1,60,2011,"55",166788,167655,867,0.519821569897115
1,60,2011,"56",18007,18061,54,0.299883378686067
1,65,2011,"01",100300,100354,54,0.0538384845463609
1,65,2011,"02",11888,12387,499,4.19751009421265
1,65,2011,"04",139375,138725,650,0.466367713004484
1,65,2011,"05",64287,64007,280,0.435546844618663
1,65,2011,"06",641851,645042,3191,0.497155881972607
1,65,2011,"08",93189,93693,504,0.540836364807005
1,65,2011,"09",73104,73313,209,0.28589406872401
1,65,2011,"10",20027,20074,47,0.234683177710091
1,65,2011,"11",9836,9797,39,0.396502643350956
1,65,2011,"12",460543,459855,688,0.149388873568809
1,65,2011,"13",174002,173749,253,0.145400627578993
1,65,2011,"15",30451,30713,262,0.860398673278382
1,65,2011,"16",32521,32499,22,0.067648596291627
1,65,2011,"17",233307,233297,10,0.00428619801377584
1,65,2011,"18",125232,125168,64,0.051105148843746
1,65,2011,"19",60858,60844,14,0.0230043708304578
1,65,2011,"20",53015,53057,42,0.0792228614543054
1,65,2011,"21",90050,89607,443,0.491948917268184
1,65,2011,"22",85604,85570,34,0.0397177701976543
1,65,2011,"23",32870,32861,9,0.0273805902038333
1,65,2011,"24",109159,109344,185,0.169477551095191
1,65,2011,"25",128623,129203,580,0.45093023798232
1,65,2011,"26",205510,205322,188,0.0914797333463092
1,65,2011,"27",101020,101084,64,0.0633537913284498
1,65,2011,"28",57600,57832,232,0.402777777777778
1,65,2011,"29",123508,123095,413,0.334391294491045
1,65,2011,"30",24270,24247,23,0.0947672023073754
1,65,2011,"31",34249,34204,45,0.131390697538614
1,65,2011,"32",58785,58786,1,0.00170111422982053
1,65,2011,"33",29273,29269,4,0.0136644689645749
1,65,2011,"34",168349,168770,421,0.250075735525605
1,65,2011,"35",43682,43588,94,0.215191612105673
1,65,2011,"36",363867,365502,1635,0.44934000610113
1,65,2011,"37",196256,196497,241,0.122798793412685
1,65,2011,"38",13274,13292,18,0.135603435287027
1,65,2011,"39",229799,229643,156,0.0678854129043207
1,65,2011,"40",77005,76627,378,0.49087721576521
1,65,2011,"41",85872,85921,49,0.0570616731880007
1,65,2011,"42",264779,265270,491,0.185437666884458
1,65,2011,"44",21039,21069,30,0.142592328532725
1,65,2011,"45",106135,105961,174,0.163942149149668
1,65,2011,"46",16187,16237,50,0.308889849879533
1,65,2011,"47",137319,136803,516,0.375767373779302
1,65,2011,"48",422327,422299,28,0.0066299336769849
1,65,2011,"49",39647,39580,67,0.168991348651853
1,65,2011,"50",14954,15010,56,0.374481744014979
1,65,2011,"51",157544,157729,185,0.11742751231402
1,65,2011,"53",138437,138093,344,0.248488482125443
1,65,2011,"54",45402,45337,65,0.143165499317211
1,65,2011,"55",113246,113889,643,0.56779047383572
1,65,2011,"56",12077,12023,54,0.447130909994204
1,70,2011,"01",74411,74221,190,0.255338592412412
1,70,2011,"02",7015,7372,357,5.08909479686386
1,70,2011,"04",107954,107636,318,0.294569909405858
1,70,2011,"05",48579,48553,26,0.0535210687745734
1,70,2011,"06",461329,462372,1043,0.226085938668499
1,70,2011,"08",63273,63316,43,0.0679594771861615
1,70,2011,"09",48752,49011,259,0.531260255989498
1,70,2011,"10",14811,14851,40,0.270069542907299
1,70,2011,"11",6858,6864,6,0.0874890638670166
1,70,2011,"12",368967,368433,534,0.144728390343852
1,70,2011,"13",119482,119321,161,0.134748330292429
1,70,2011,"15",20073,20252,179,0.891745130274498
1,70,2011,"16",24003,23984,19,0.0791567720701579
1,70,2011,"17",168059,168077,18,0.0107105242801635
1,70,2011,"18",91323,91159,164,0.179582361508054
1,70,2011,"19",47040,46949,91,0.193452380952381
1,70,2011,"20",38919,38851,68,0.174721858218351
1,70,2011,"21",66135,66039,96,0.145157632116126
1,70,2011,"22",62359,62167,192,0.307894610240703
1,70,2011,"23",22941,22902,39,0.170001307702367
1,70,2011,"24",75359,75341,18,0.0238856672726549
1,70,2011,"25",88622,88841,219,0.247116968698517
1,70,2011,"26",145137,145736,599,0.412713505170976
1,70,2011,"27",73988,74034,46,0.0621722441476996
1,70,2011,"28",43269,43253,16,0.0369779749936444
1,70,2011,"29",91646,91553,93,0.101477424001048
1,70,2011,"30",17759,17698,61,0.343487808998254
1,70,2011,"31",25628,25465,163,0.636023099734665
1,70,2011,"32",42683,42622,61,0.142914040718787
1,70,2011,"33",19601,19553,48,0.244885465027295
1,70,2011,"34",118542,118729,187,0.157749995782086
1,70,2011,"35",32290,32157,133,0.411892226695571
1,70,2011,"36",264816,265627,811,0.306250377620688
1,70,2011,"37",139076,139055,21,0.0150996577410912
1,70,2011,"38",9766,9792,26,0.266229776776572
1,70,2011,"39",171693,171357,336,0.195698135625797
1,70,2011,"40",57525,57520,5,0.00869187309865276
1,70,2011,"41",60520,60519,1,0.00165234633179114
1,70,2011,"42",197121,196638,483,0.245027166055367
1,70,2011,"44",14219,14223,4,0.0281313735143118
1,70,2011,"45",74622,74574,48,0.0643241939374447
1,70,2011,"46",12205,12171,34,0.278574354772634
1,70,2011,"47",97886,97862,24,0.024518317226161
1,70,2011,"48",297836,297905,69,0.0231671121019622
1,70,2011,"49",28975,28954,21,0.0724762726488352
1,70,2011,"50",10149,10163,14,0.137944625086215
1,70,2011,"51",110561,110618,57,0.0515552500429627
1,70,2011,"53",94430,94299,131,0.138727099438738
1,70,2011,"54",34280,34245,35,0.102100350058343
1,70,2011,"55",83123,83300,177,0.212937454134235
1,70,2011,"56",8492,8466,26,0.306170513424399
1,75,2011,"01",53326,53362,36,0.0675092825263474
1,75,2011,"02",4127,4336,209,5.06421129149503
1,75,2011,"04",79034,78921,113,0.14297644051927
1,75,2011,"05",34914,34901,13,0.0372343472532508
1,75,2011,"06",342753,343213,460,0.13420743217419
1,75,2011,"08",44629,44641,12,0.0268883461426427
1,75,2011,"09",37682,37551,131,0.347646090971817
1,75,2011,"10",10773,10748,25,0.232061635570407
1,75,2011,"11",4776,4762,14,0.293132328308208
1,75,2011,"12",284038,284140,102,0.0359106880065343
1,75,2011,"13",80176,80208,32,0.039912193175015
1,75,2011,"15",14948,14907,41,0.274284185175274
1,75,2011,"16",16626,16702,76,0.457115361482016
1,75,2011,"17",123707,123762,55,0.0444598931345841
1,75,2011,"18",65446,65465,19,0.029031568010268
1,75,2011,"19",36300,36360,60,0.165289256198347
1,75,2011,"20",30404,30260,144,0.473621891856335
1,75,2011,"21",46157,46002,155,0.33581038629027
1,75,2011,"22",44135,44193,58,0.131414976775802
1,75,2011,"23",17638,17667,29,0.164417734437011
1,75,2011,"24",54108,53983,125,0.231019442596289
1,75,2011,"25",69013,68857,156,0.226044368452321
1,75,2011,"26",106124,106117,7,0.00659605744223738
1,75,2011,"27",55178,55215,37,0.0670557106093008
1,75,2011,"28",29772,29815,43,0.144431009001747
1,75,2011,"29",68544,68363,181,0.2640639589169
1,75,2011,"31",20083,20073,10,0.0497933575661007
1,75,2011,"32",28719,28702,17,0.0591942616386364
1,75,2011,"33",14496,14462,34,0.234547461368653
1,75,2011,"34",90035,90100,65,0.0721941467207197
1,75,2011,"35",23397,23386,11,0.0470145745181006
1,75,2011,"36",199869,200469,600,0.300196628791859
1,75,2011,"37",98755,98786,31,0.0313908156549036
1,75,2011,"38",8035,8034,1,0.0124455507156192
1,75,2011,"39",127219,127109,110,0.0864650720411259
1,75,2011,"40",42158,42125,33,0.0782769581099673
1,75,2011,"41",42236,42162,74,0.175205985415286
1,75,2011,"42",152774,152447,327,0.214041656302774
1,75,2011,"44",11033,10960,73,0.661651409408139
1,75,2011,"45",51456,51455,1,0.00194340796019901
1,75,2011,"46",9667,9681,14,0.144822592324403
1,75,2011,"47",68022,67857,165,0.242568580753286
1,75,2011,"48",214126,214174,48,0.0224167079196361
1,75,2011,"49",21577,21675,98,0.454187329100431
1,75,2011,"50",7277,7276,1,0.0137419266181119
1,75,2011,"51",77184,77262,78,0.101057213930348
1,75,2011,"53",65924,65760,164,0.248771312420363
1,75,2011,"54",23501,23586,85,0.361686736734607
1,75,2011,"55",62596,62870,274,0.437727650329094
1,75,2011,"56",5782,5791,9,0.155655482531996
1,80,2011,"01",34411,34454,43,0.124960041847084
1,80,2011,"02",2689,2764,75,2.78914094458907
1,80,2011,"04",54326,54361,35,0.0644258734307698
1,80,2011,"05",22714,22645,69,0.303777406005107
1,80,2011,"06",252531,252466,65,0.0257394141709335
1,80,2011,"08",31161,31258,97,0.311286544077533
1,80,2011,"09",30578,30377,201,0.65733533913271
1,80,2011,"10",7543,7530,13,0.172345220734456
1,80,2011,"11",3522,3504,18,0.511073253833049
1,80,2011,"12",212002,212026,24,0.0113206479184159
1,80,2011,"13",50825,50687,138,0.271519921298574
1,80,2011,"15",11917,11834,83,0.696484014433163
1,80,2011,"16",11349,11281,68,0.599171733192352
1,80,2011,"17",92820,92416,404,0.435251023486318
1,80,2011,"18",47658,47567,91,0.190943807965085
1,80,2011,"19",27985,27971,14,0.0500268000714669
1,80,2011,"20",23117,23119,2,0.0086516416490029
1,80,2011,"21",30768,30662,106,0.344513780551222
1,80,2011,"22",30327,30272,55,0.181356546971346
1,80,2011,"23",12417,12394,23,0.185229926713377
1,80,2011,"24",39049,39033,16,0.0409741606699275
1,80,2011,"25",53570,53223,347,0.647750606682845
1,80,2011,"26",80785,80339,446,0.552082688617937
1,80,2011,"27",41584,41480,104,0.250096190842632
1,80,2011,"28",19893,19941,48,0.241290906348967
1,80,2011,"29",47905,47882,23,0.0480116898027346
1,80,2011,"30",8914,8863,51,0.572133722234687
1,80,2011,"31",15407,15412,5,0.0324527812033491
1,80,2011,"32",18013,18102,89,0.494087603397546
1,80,2011,"33",10418,10352,66,0.633518909579574
1,80,2011,"34",69817,69478,339,0.48555509403154
1,80,2011,"35",16140,16123,17,0.105328376703841
1,80,2011,"36",151937,152085,148,0.0974087944345354
1,80,2011,"37",65225,65141,84,0.12878497508624
1,80,2011,"38",6240,6280,40,0.641025641025641
1,80,2011,"39",96158,95620,538,0.559495829780153
1,80,2011,"40",28513,28377,136,0.476975414723109
1,80,2011,"41",31067,30950,117,0.376605401229601
1,80,2011,"42",120813,120365,448,0.370821020916623
1,80,2011,"44",9164,9020,144,1.57136621562636
1,80,2011,"45",31969,32009,40,0.125121211173324
1,80,2011,"46",7520,7496,24,0.319148936170213
1,80,2011,"47",44492,44458,34,0.0764182324912344
1,80,2011,"48",144571,144264,307,0.212352408159313
1,80,2011,"49",15517,15499,18,0.116001804472514
1,80,2011,"50",5330,5258,72,1.35084427767355
1,80,2011,"51",52602,52746,144,0.273753849663511
1,80,2011,"53",47304,46998,306,0.646879756468798
1,80,2011,"54",17018,17007,11,0.0646374427077212
1,80,2011,"55",48350,48264,86,0.177869700103413
1,80,2011,"56",4267,4278,11,0.257792359971877
1,85,2011,"01",23745,23946,201,0.846493998736576
1,85,2011,"02",1760,1789,29,1.64772727272727
1,85,2011,"04",40861,40583,278,0.680355351068256
1,85,2011,"05",17414,17279,135,0.77523831400023
1,85,2011,"06",223413,221531,1882,0.842386074221285
1,85,2011,"08",24794,24512,282,1.13737194482536
1,85,2011,"09",28013,27755,258,0.921000963838218
1,85,2011,"10",5398,5382,16,0.296406076324565
1,85,2011,"11",3153,3181,28,0.888043133523628
1,85,2011,"12",170924,170701,223,0.130467342210573
1,85,2011,"13",35457,35422,35,0.0987111148715345
1,85,2011,"15",12200,11949,251,2.05737704918033
1,85,2011,"16",9405,9365,40,0.425305688463583
1,85,2011,"17",76652,76353,299,0.390074622971351
1,85,2011,"18",37754,37455,299,0.791969062880754
1,85,2011,"19",24359,24215,144,0.591157272466029
1,85,2011,"20",20403,20089,314,1.53898936430917
1,85,2011,"21",22200,22037,163,0.734234234234234
1,85,2011,"22",22156,22193,37,0.166997653005958
1,85,2011,"24",32696,32793,97,0.296672375825789
1,85,2011,"25",47174,46666,508,1.07686437444355
1,85,2011,"26",64813,64666,147,0.226806350577816
1,85,2011,"27",36223,35919,304,0.839245783066008
1,85,2011,"28",13542,13860,318,2.3482498892335
1,85,2011,"29",37712,37495,217,0.575413661434026
1,85,2011,"30",7401,7320,81,1.09444669639238
1,85,2011,"31",13434,13209,225,1.67485484591335
1,85,2011,"32",12211,12193,18,0.147408074686758
1,85,2011,"33",8414,8351,63,0.748752079866889
1,85,2011,"34",59138,58778,360,0.608745645777673
1,85,2011,"35",12105,12075,30,0.247831474597274
1,85,2011,"36",128770,128288,482,0.374310786673915
1,85,2011,"37",47082,47180,98,0.208147487362474
1,85,2011,"38",5717,5728,11,0.192408605912192
1,85,2011,"39",76311,75740,571,0.748253855931648
1,85,2011,"40",21671,21456,215,0.992109270453602
1,85,2011,"41",28183,27888,295,1.04673029840684
1,85,2011,"42",100070,99536,534,0.533626461476966
1,85,2011,"44",8523,8383,140,1.64261410301537
1,85,2011,"45",22527,22444,83,0.368446752785546
1,85,2011,"46",6530,6521,9,0.137825421133231
1,85,2011,"47",31905,31721,184,0.576712114088701
1,85,2011,"48",108256,108039,217,0.200450783328407
1,85,2011,"49",12226,12084,142,1.16145918534271
1,85,2011,"50",4273,4268,5,0.1170138076293
1,85,2011,"51",40758,40449,309,0.75813337258943
1,85,2011,"53",42302,41535,767,1.81315304240934
1,85,2011,"54",12024,12045,21,0.174650698602794
1,85,2011,"55",39034,39058,24,0.0614848593533842
1,85,2011,"56",3186,3216,30,0.941619585687382
2,0,2011,"01",148954,148248,706,0.473971830229467
2,0,2011,"02",25943,26756,813,3.1337933161161
2,0,2011,"04",220501,217813,2688,1.21904209051206
2,0,2011,"05",95922,95924,2,0.00208502741811055
2,0,2011,"06",1240739,1238707,2032,0.163773364099944
2,0,2011,"08",166691,166391,300,0.17997372383632
2,0,2011,"09",96390,96837,447,0.463741051976346
2,0,2011,"10",27382,27559,177,0.646410050398072
2,0,2011,"11",17673,17695,22,0.124483675663441
2,0,2011,"12",525712,525644,68,0.0129348388471254
2,0,2011,"13",334293,333180,1113,0.332941461532249
2,0,2011,"15",42761,43508,747,1.74691892144711
2,0,2011,"16",58252,58258,6,0.0103000755338872
2,0,2011,"17",406508,404025,2483,0.610812087338995
2,0,2011,"18",210348,209873,475,0.225816266377622
2,0,2011,"19",97454,97433,21,0.0215486280706795
2,0,2011,"20",99660,99854,194,0.194661850290989
2,0,2011,"21",137632,137221,411,0.298622413392234
2,0,2011,"22",155301,154005,1296,0.834508470647324
2,0,2011,"23",32981,32902,79,0.239531851672175
2,0,2011,"24",179098,180094,996,0.556120113010754
2,0,2011,"25",178738,179324,586,0.327854177623113
2,0,2011,"26",285814,286321,507,0.177388091556047
2,0,2011,"27",172478,172911,433,0.251046510279572
2,0,2011,"28",102097,101207,890,0.871720030950958
2,0,2011,"29",188023,188055,32,0.0170191944602522
2,0,2011,"30",30139,30382,243,0.806264308703009
2,0,2011,"31",64106,64183,77,0.120113561913081
2,0,2011,"32",91219,89839,1380,1.51284271917035
2,0,2011,"33",33292,33379,87,0.261324041811847
2,0,2011,"34",262222,264396,2174,0.829068499210593
2,0,2011,"35",71241,70499,742,1.0415350710967
2,0,2011,"36",568523,571787,3264,0.574119252871036
2,0,2011,"37",307971,306470,1501,0.487383552347461
2,0,2011,"38",22068,22404,336,1.52256661228929
2,0,2011,"39",348018,346836,1182,0.339637604951468
2,0,2011,"40",130594,130152,442,0.338453527727154
2,0,2011,"41",115435,115119,316,0.273747130419717
2,0,2011,"42",354156,354542,386,0.108991517862185
2,0,2011,"44",27415,27480,65,0.237096480029181
2,0,2011,"45",148687,147122,1565,1.05254662478899
2,0,2011,"46",29044,29141,97,0.333976036358628
2,0,2011,"47",198469,197701,768,0.386962195607374
2,0,2011,"48",958933,949675,9258,0.965448055286449
2,0,2011,"49",127671,127534,137,0.107307062684556
2,0,2011,"50",15177,15255,78,0.513935560387428
2,0,2011,"51",250075,250576,501,0.200339898030591
2,0,2011,"53",216829,217343,514,0.237053161708074
2,0,2011,"54",50747,50744,3,0.00591167950814827
2,0,2011,"55",173271,172702,569,0.328387323903019
2,0,2011,"56",19423,19420,3,0.0154456057251712
2,10,2011,"01",157363,157251,112,0.0711730203415034
2,10,2011,"02",24379,24700,321,1.31670700192789
2,10,2011,"04",221996,221135,861,0.387844826032901
2,10,2011,"05",97539,97442,97,0.0994474005269687
2,10,2011,"06",1256359,1253313,3046,0.242446625526621
2,10,2011,"08",165557,166037,480,0.289930356312327
2,10,2011,"09",115975,116207,232,0.200043112739815
2,10,2011,"10",27985,28009,24,0.0857602286939432
2,10,2011,"11",12445,12219,226,1.81599035757332
2,10,2011,"12",553270,556002,2732,0.493791458058452
2,10,2011,"13",340822,341708,886,0.259959744382698
2,10,2011,"15",39805,39929,124,0.311518653435498
2,10,2011,"16",57732,57944,212,0.367214023418555
2,10,2011,"17",427622,427338,284,0.0664137953613238
2,10,2011,"18",221787,221925,138,0.0622218615157787
2,10,2011,"19",98221,98492,271,0.275908410625019
2,10,2011,"20",97012,97352,340,0.35047210654352
2,10,2011,"21",139454,139585,131,0.0939377859365812
2,10,2011,"22",151649,151871,222,0.146390678474635
2,10,2011,"23",38083,38006,77,0.202189953522569
2,10,2011,"24",185596,185846,250,0.134701178904718
2,10,2011,"25",196544,197249,705,0.358698306740475
2,10,2011,"26",326037,326299,262,0.0803589776620445
2,10,2011,"27",172426,172763,337,0.195446162411701
2,10,2011,"28",102098,102038,60,0.0587670669356892
2,10,2011,"29",193942,193980,38,0.0195934867125223
2,10,2011,"30",29660,29702,42,0.141604855023601
2,10,2011,"31",60682,60900,218,0.359249859925513
2,10,2011,"32",89287,89052,235,0.263196209974576
2,10,2011,"33",39950,40073,123,0.307884856070088
2,10,2011,"34",284553,285339,786,0.276222707193388
2,10,2011,"35",70021,70027,6,0.00856885791405436
2,10,2011,"36",585292,586866,1574,0.26892559611271
2,10,2011,"37",314228,314604,376,0.119658337258297
2,10,2011,"38",19413,19488,75,0.38633905115129
2,10,2011,"39",376402,377114,712,0.189159462489572
2,10,2011,"40",125259,125606,347,0.2770260021236
2,10,2011,"41",118798,118635,163,0.137207697099278
2,10,2011,"42",383621,383406,215,0.0560448984805316
2,10,2011,"44",30529,30605,76,0.248943627370697
2,10,2011,"45",147146,147159,13,0.00883476275264023
2,10,2011,"46",26166,26203,37,0.141404876557365
2,10,2011,"47",205745,205868,123,0.0597827407713432
2,10,2011,"48",937596,937799,203,0.0216511162590284
2,10,2011,"49",113922,114379,457,0.401151665174418
2,10,2011,"50",17966,17984,18,0.100189246354225
2,10,2011,"51",251530,252445,915,0.363773704925854
2,10,2011,"53",213867,214102,235,0.109881374873169
2,10,2011,"54",53191,53198,7,0.0131601210731139
2,10,2011,"55",183368,183705,337,0.183783430042319
2,10,2011,"56",17463,17480,17,0.0973486800664262
2,15,2011,"01",163082,161869,1213,0.743797598754001
2,15,2011,"02",23902,24372,470,1.9663626474772
2,15,2011,"04",218214,219829,1615,0.740099168705949
2,15,2011,"05",95607,96890,1283,1.34195194912506
2,15,2011,"06",1333782,1332566,1216,0.0911693215233074
2,15,2011,"08",163799,164588,789,0.481687922392689
2,15,2011,"09",123249,125660,2411,1.9562024844015
2,15,2011,"10",30666,30998,332,1.08263223113546
2,15,2011,"11",20531,20654,123,0.599094052895621
2,15,2011,"12",579650,578860,790,0.136289139998275
2,15,2011,"13",340408,343046,2638,0.774952410049118
2,15,2011,"15",40014,40300,286,0.714749837556855
2,15,2011,"16",57116,55768,1348,2.36010925134813
2,15,2011,"17",442118,441528,590,0.133448536363595
2,15,2011,"18",227621,227344,277,0.121693516854772
2,15,2011,"19",105233,105202,31,0.029458439843015
2,15,2011,"20",98702,98296,406,0.411339182590018
2,15,2011,"21",140497,140523,26,0.0185057332185029
2,15,2011,"22",154499,153127,1372,0.888031637745228
2,15,2011,"23",41665,41822,157,0.376815072602904
2,15,2011,"24",193890,196295,2405,1.24039403785652
2,15,2011,"25",226538,231015,4477,1.97626888204187
2,15,2011,"26",347674,347473,201,0.0578127786374592
2,15,2011,"27",179377,179525,148,0.0825077908538999
2,15,2011,"28",106822,106138,684,0.64031753758589
2,15,2011,"29",201536,201001,535,0.265461257542077
2,15,2011,"30",31901,31752,149,0.467069997805711
2,15,2011,"31",63539,63314,225,0.354113221800784
2,15,2011,"32",85229,85279,50,0.058665477712985
2,15,2011,"33",45927,46116,189,0.411522633744856
2,15,2011,"34",286067,288542,2475,0.86518193290383
2,15,2011,"35",70713,71253,540,0.763650248186331
2,15,2011,"36",646710,652675,5965,0.922360872725024
2,15,2011,"37",317555,318514,959,0.301994930012124
2,15,2011,"38",22969,22884,85,0.370063999303409
2,15,2011,"39",391532,392882,1350,0.344799403369329
2,15,2011,"40",125975,125413,562,0.446120261956737
2,15,2011,"41",121463,120994,469,0.386125816092143
2,15,2011,"42",433523,432964,559,0.128943562394613
2,15,2011,"44",38947,38868,79,0.202839756592292
2,15,2011,"45",154210,154853,643,0.4169638804228
2,15,2011,"46",28102,28079,23,0.0818447085616682
2,15,2011,"47",208025,208581,556,0.267275567840404
2,15,2011,"48",911763,911241,522,0.0572517200193471
2,15,2011,"49",110196,107511,2685,2.43656757051073
2,15,2011,"50",22344,22464,120,0.537056928034372
2,15,2011,"51",265862,267263,1401,0.526965117241276
2,15,2011,"53",217556,217723,167,0.0767618452260567
2,15,2011,"54",56565,55962,603,1.06603023070803
2,15,2011,"55",194015,193342,673,0.346880395845682
2,15,2011,"56",17779,17766,13,0.0731199730018561
2,20,2011,"01",174254,173853,401,0.230123842207352
2,20,2011,"02",25478,25979,501,1.96640238637256
2,20,2011,"04",222818,222528,290,0.130151064994749
2,20,2011,"05",102312,102642,330,0.322542810227539
2,20,2011,"06",1375323,1380309,4986,0.362533019516143
2,20,2011,"08",171810,171692,118,0.0686805191781619
2,20,2011,"09",109969,110967,998,0.907528485300403
2,20,2011,"10",32377,32545,168,0.518886864131946
2,20,2011,"11",33984,33611,373,1.09757532956685
2,20,2011,"12",628087,630883,2796,0.445161259507043
2,20,2011,"13",347112,347115,3,0.000864274355251331
2,20,2011,"15",45299,45644,345,0.76160621647277
2,20,2011,"16",53919,54321,402,0.745562788627386
2,20,2011,"17",435365,434879,486,0.111630470984117
2,20,2011,"18",229425,229805,380,0.165631469979296
2,20,2011,"19",105516,105763,247,0.234087721293453
2,20,2011,"20",99902,99842,60,0.0600588576805269
2,20,2011,"21",148788,149243,455,0.305804231524048
2,20,2011,"22",174332,174264,68,0.0390060344629787
2,20,2011,"23",39420,39326,94,0.23845763571791
2,20,2011,"24",196324,196860,536,0.273018072166419
2,20,2011,"25",238375,240661,2286,0.958993183009963
2,20,2011,"26",344948,343984,964,0.279462411725825
2,20,2011,"27",172457,172999,542,0.314281241120975
2,20,2011,"28",109144,109033,111,0.101700505753866
2,20,2011,"29",209422,209419,3,0.00143251425351682
2,20,2011,"30",33211,33240,29,0.087320466110626
2,20,2011,"31",63186,63187,1,0.00158262906340012
2,20,2011,"32",89876,89917,41,0.0456184075837821
2,20,2011,"33",41408,41568,160,0.386398763523957
2,20,2011,"34",263510,265029,1519,0.576448711623847
2,20,2011,"35",71632,71676,44,0.0614250614250614
2,20,2011,"36",708276,711216,2940,0.41509242159836
2,20,2011,"37",333614,332792,822,0.246392537483439
2,20,2011,"38",28376,28307,69,0.243163236537919
2,20,2011,"39",385215,386807,1592,0.413275703178744
2,20,2011,"40",135815,135283,532,0.39170931045908
2,20,2011,"41",129273,128920,353,0.273065527991151
2,20,2011,"42",436295,437746,1451,0.332573144317492
2,20,2011,"44",41556,41400,156,0.375397054576956
2,20,2011,"45",169450,169757,307,0.181174387724993
2,20,2011,"46",28157,28089,68,0.241503001029939
2,20,2011,"47",220971,220983,12,0.00543057686302727
2,20,2011,"48",913389,914464,1075,0.117693556633592
2,20,2011,"49",115534,116455,921,0.797167933249087
2,20,2011,"50",21233,21160,73,0.343804455328969
2,20,2011,"51",283109,283806,697,0.246194928455118
2,20,2011,"53",232115,231667,448,0.193007776317774
2,20,2011,"54",59758,59991,233,0.389905954014525
2,20,2011,"55",189860,189362,498,0.262298535763194
2,20,2011,"56",19779,19581,198,1.00106173214015
2,25,2011,"01",157023,157351,328,0.208886596231125
2,25,2011,"02",26855,27321,466,1.73524483336436
2,25,2011,"04",214612,212412,2200,1.02510577227741
2,25,2011,"05",95982,95562,420,0.437582046633744
2,25,2011,"06",1341880,1346806,4926,0.367096908814499
2,25,2011,"08",182829,183413,584,0.319424161374837
2,25,2011,"09",107509,108056,547,0.508794612544066
2,25,2011,"10",29137,29110,27,0.0926656828087998
2,25,2011,"11",39741,40208,467,1.17510882967213
2,25,2011,"12",591985,595757,3772,0.637178306882776
2,25,2011,"13",338963,338137,826,0.243684413933084
2,25,2011,"15",47748,47715,33,0.0691128424227193
2,25,2011,"16",51455,51632,177,0.343989894082208
2,25,2011,"17",449849,449797,52,0.0115594343879835
2,25,2011,"18",207812,208058,246,0.118376224664601
2,25,2011,"19",95780,95700,80,0.0835247442054709
2,25,2011,"20",96620,96820,200,0.206996481059822
2,25,2011,"21",139638,139611,27,0.0193357109096378
2,25,2011,"22",167458,168263,805,0.48071755305808
2,25,2011,"23",36997,37076,79,0.213530826823797
2,25,2011,"24",202245,203147,902,0.445993720487528
2,25,2011,"25",228049,230002,1953,0.856394897587799
2,25,2011,"26",291922,292382,460,0.157576338885045
2,25,2011,"27",184947,184471,476,0.257371030619583
2,25,2011,"28",99580,99846,266,0.267121912030528
2,25,2011,"29",201527,201758,231,0.114624839351551
2,25,2011,"30",31064,31077,13,0.0418490857584342
2,25,2011,"31",62836,62898,62,0.0986695524858361
2,25,2011,"32",95822,95351,471,0.491536390390516
2,25,2011,"33",36503,36601,98,0.268471084568392
2,25,2011,"34",275922,277302,1380,0.500141344292952
2,25,2011,"35",69169,68922,247,0.357096387109832
2,25,2011,"36",707766,712395,4629,0.654029721687676
2,25,2011,"37",317867,317794,73,0.022965579943813
2,25,2011,"38",23634,23743,109,0.461199966150461
2,25,2011,"39",360466,360717,251,0.0696320873535923
2,25,2011,"40",130533,130679,146,0.111849110952786
2,25,2011,"41",130834,130857,23,0.0175795282571809
2,25,2011,"42",395094,396850,1756,0.444451193893099
2,25,2011,"44",32816,33023,207,0.630789858605558
2,25,2011,"45",153471,152326,1145,0.746069289963576
2,25,2011,"46",26753,26809,56,0.209322318992263
2,25,2011,"47",211707,210898,809,0.382131908722905
2,25,2011,"48",924159,926329,2170,0.234808079562067
2,25,2011,"49",109158,109063,95,0.0870298100001832
2,25,2011,"50",17649,17768,119,0.674259164825203
2,25,2011,"51",283781,284907,1126,0.396784844651333
2,25,2011,"53",238093,238007,86,0.0361203395311916
2,25,2011,"54",52536,52686,150,0.285518501598904
2,25,2011,"55",182681,182449,232,0.126997334150787
2,25,2011,"56",19414,19477,63,0.324508086947564
2,30,2011,"01",154895,154799,96,0.0619774686077666
2,30,2011,"02",23662,24016,354,1.49606964753613
2,30,2011,"04",209135,208961,174,0.0831998469887871
2,30,2011,"05",94226,94094,132,0.14008872285781
2,30,2011,"06",1296888,1300916,4028,0.310589657703672
2,30,2011,"08",178398,178746,348,0.195069451451249
2,30,2011,"09",105870,106409,539,0.509114952299991
2,30,2011,"10",28379,28572,193,0.68008034109729
2,30,2011,"11",30851,31494,643,2.08421120871285
2,30,2011,"12",569991,574439,4448,0.780363198717173
2,30,2011,"13",344767,344286,481,0.139514512699881
2,30,2011,"15",44708,44770,62,0.138677641585399
2,30,2011,"16",51547,51389,158,0.306516383106679
2,30,2011,"17",440554,440306,248,0.0562927586629562
2,30,2011,"18",208123,207633,490,0.2354376978998
2,30,2011,"19",93914,93922,8,0.00851843175671359
2,30,2011,"20",91226,91246,20,0.0219235744195734
2,30,2011,"21",142364,142056,308,0.216346829254587
2,30,2011,"22",153498,154248,750,0.48860571473244
2,30,2011,"23",36738,36763,25,0.0680494311067559
2,30,2011,"24",195354,195982,628,0.321467694544263
2,30,2011,"25",210768,211890,1122,0.532338874971533
2,30,2011,"26",293412,293317,95,0.0323776805311303
2,30,2011,"27",175431,176040,609,0.347145031379859
2,30,2011,"28",98099,98027,72,0.0733952435804646
2,30,2011,"29",192209,192445,236,0.122783012241883
2,30,2011,"30",29575,29592,17,0.0574809805579036
2,30,2011,"31",59340,59479,139,0.234243343444557
2,30,2011,"32",94310,94240,70,0.0742233061181211
2,30,2011,"33",36496,36514,18,0.0493204734765454
2,30,2011,"34",284838,285521,683,0.239785421888933
2,30,2011,"35",64717,64959,242,0.37393575103914
2,30,2011,"36",663888,666676,2788,0.419950353071602
2,30,2011,"37",320476,319611,865,0.269911007376527
2,30,2011,"38",20433,20517,84,0.411099691675231
2,30,2011,"39",354482,354517,35,0.00987356198622215
2,30,2011,"40",122264,122585,321,0.262546620427926
2,30,2011,"41",131510,131667,157,0.119382556459585
2,30,2011,"42",375389,376110,721,0.192067428720607
2,30,2011,"44",31780,31794,14,0.0440528634361234
2,30,2011,"45",149321,148973,348,0.233054962128569
2,30,2011,"46",25310,25266,44,0.173844330304228
2,30,2011,"47",210250,209916,334,0.158858501783591
2,30,2011,"48",904687,906573,1886,0.208469890691477
2,30,2011,"49",109418,109283,135,0.123380065437131
2,30,2011,"50",17749,17751,2,0.0112682404642515
2,30,2011,"51",273711,274429,718,0.262320476707184
2,30,2011,"53",231520,231595,75,0.032394609536973
2,30,2011,"54",56460,56247,213,0.377258235919235
2,30,2011,"55",176529,176678,149,0.0844053951475395
2,30,2011,"56",18199,18242,43,0.236276718501017
2,35,2011,"01",151554,151794,240,0.158359396650699
2,35,2011,"02",21214,21512,298,1.40473272367305
2,35,2011,"04",200948,201120,172,0.0855942830981149
2,35,2011,"05",89982,90107,125,0.138916672223334
2,35,2011,"06",1254773,1258323,3550,0.282919699419736
2,35,2011,"08",167595,167834,239,0.142605686327158
2,35,2011,"09",107960,107961,1,0.000926268988514265
2,35,2011,"10",27153,27147,6,0.0220970058557066
2,35,2011,"11",21784,22216,432,1.98310686742563
2,35,2011,"12",575209,577845,2636,0.458268212075958
2,35,2011,"13",344368,343919,449,0.130383775495981
2,35,2011,"15",41502,41587,85,0.204809406775577
2,35,2011,"16",46975,47083,108,0.2299095263438
2,35,2011,"17",415656,416136,480,0.115480108551302
2,35,2011,"18",201333,201564,231,0.114735289296837
2,35,2011,"19",84975,85190,215,0.253015592821418
2,35,2011,"20",83261,83547,286,0.343498156399755
2,35,2011,"21",137397,137349,48,0.0349352605952095
2,35,2011,"22",136235,137281,1046,0.767790949462326
2,35,2011,"23",38491,38320,171,0.444259697072043
2,35,2011,"24",188810,189140,330,0.174778878237382
2,35,2011,"25",205481,205741,260,0.126532380122736
2,35,2011,"26",293192,292551,641,0.218628066250102
2,35,2011,"27",157272,157590,318,0.202197466809095
2,35,2011,"28",93002,93056,54,0.0580632674566138
2,35,2011,"29",178101,178484,383,0.215046518548464
2,35,2011,"30",26473,26571,98,0.370188493937219
2,35,2011,"31",53645,53687,42,0.0782924783297605
2,35,2011,"32",90654,90840,186,0.20517572307896
2,35,2011,"33",39001,38691,310,0.794851414066306
2,35,2011,"34",287515,288357,842,0.292854285863346
2,35,2011,"35",60634,60731,97,0.159976250948313
2,35,2011,"36",618340,621535,3195,0.516706019342109
2,35,2011,"37",323367,322859,508,0.157097044534538
2,35,2011,"38",17625,17636,11,0.0624113475177305
2,35,2011,"39",345027,344696,331,0.0959345210664673
2,35,2011,"40",113095,113420,325,0.287369026040055
2,35,2011,"41",121404,122106,702,0.57823465454186
2,35,2011,"42",366424,366245,179,0.0488505119751981
2,35,2011,"44",30730,30770,40,0.130165961601041
2,35,2011,"45",145219,145027,192,0.132214104215013
2,35,2011,"46",22124,22161,37,0.167239197251853
2,35,2011,"47",205831,205971,140,0.0680169653745063
2,35,2011,"48",879380,880770,1390,0.158065910073006
2,35,2011,"49",89576,90511,935,1.04380637670805
2,35,2011,"50",17282,17332,50,0.289318365929869
2,35,2011,"51",263072,263563,491,0.186640919596156
2,35,2011,"53",216088,216529,441,0.204083521528266
2,35,2011,"54",55994,56038,44,0.0785798478408401
2,35,2011,"55",164053,164286,233,0.142027271674398
2,35,2011,"56",15822,15878,56,0.353937555302743
2,40,2011,"01",159376,160192,816,0.511996787471137
2,40,2011,"02",22260,22655,395,1.77448337825696
2,40,2011,"04",205459,206134,675,0.328532699954735
2,40,2011,"05",92680,92982,302,0.3258523953388
2,40,2011,"06",1314290,1315327,1037,0.0789019166241849
2,40,2011,"08",173886,174309,423,0.243262827369656
2,40,2011,"09",132083,131493,590,0.446688824451292
2,40,2011,"10",31189,31112,77,0.246881913495143
2,40,2011,"11",19190,19464,274,1.42782699322564
2,40,2011,"12",633542,636410,2868,0.452692954847508
2,40,2011,"13",360475,361713,1238,0.34343574450378
2,40,2011,"15",44327,44306,21,0.0473751889367654
2,40,2011,"16",47663,47781,118,0.247571491513333
2,40,2011,"17",439122,439705,583,0.132764926375814
2,40,2011,"18",213068,213443,375,0.176000150186795
2,40,2011,"19",92842,92733,109,0.117403761228754
2,40,2011,"20",86871,86761,110,0.126624535230399
2,40,2011,"21",146827,147301,474,0.322828907489767
2,40,2011,"22",146057,146553,496,0.339593446394216
2,40,2011,"23",45874,45833,41,0.0893752452369534
2,40,2011,"24",216045,215882,163,0.0754472447869657
2,40,2011,"25",237845,237496,349,0.146734217662764
2,40,2011,"26",333635,333621,14,0.0041962024367947
2,40,2011,"27",174717,174469,248,0.141943829163733
2,40,2011,"28",96893,97237,344,0.355030807179053
2,40,2011,"29",192084,192361,277,0.144207742446013
2,40,2011,"30",28710,28662,48,0.167189132706374
2,40,2011,"31",54691,54774,83,0.151761715821616
2,40,2011,"32",93470,93920,450,0.481437894511608
2,40,2011,"33",48076,47955,121,0.251684832348781
2,40,2011,"34",328637,328317,320,0.097371872308961
2,40,2011,"35",63131,63113,18,0.0285121414202214
2,40,2011,"36",687334,687896,562,0.0817651971239601
2,40,2011,"37",345400,346274,874,0.253039953676896
2,40,2011,"38",18616,18597,19,0.102062741727546
2,40,2011,"39",384120,384571,451,0.117411225658648
2,40,2011,"40",115123,115605,482,0.418682626408276
2,40,2011,"41",125188,125743,555,0.443333226826852
2,40,2011,"42",426531,425738,793,0.185918491270271
2,40,2011,"44",36817,36730,87,0.236303881359155
2,40,2011,"45",156756,156898,142,0.0905866442113858
2,40,2011,"46",23197,23140,57,0.245721429495193
2,40,2011,"47",220428,221163,735,0.333442212423104
2,40,2011,"48",873557,877257,3700,0.423555646626379
2,40,2011,"49",78789,79377,588,0.746297071926284
2,40,2011,"50",21092,21018,74,0.35084392186611
2,40,2011,"51",289485,289460,25,0.00863602604625456
2,40,2011,"53",231078,231042,36,0.0155791550904889
2,40,2011,"54",59932,60159,227,0.378762597610625
2,40,2011,"55",186445,185893,552,0.2960658639277
2,40,2011,"56",16098,16142,44,0.273325878991179
2,45,2011,"01",172290,172641,351,0.203726275465784
2,45,2011,"02",24839,25134,295,1.18764845605701
2,45,2011,"04",209852,209900,48,0.0228732630615863
2,45,2011,"05",101021,101003,18,0.0178180774294454
2,45,2011,"06",1323873,1326519,2646,0.199868114237544
2,45,2011,"08",179791,179316,475,0.264195649392906
2,45,2011,"09",146161,146425,264,0.180622737939669
2,45,2011,"10",34136,34252,116,0.339817201781111
2,45,2011,"11",18906,19085,179,0.946789379033111
2,45,2011,"12",697425,700713,3288,0.47144854285407
2,45,2011,"13",364956,366194,1238,0.339218974342112
2,45,2011,"15",46190,46236,46,0.09958865555315
2,45,2011,"16",50138,50061,77,0.153576129881527
2,45,2011,"17",461541,462112,571,0.123715986228742
2,45,2011,"18",230719,230799,80,0.0346742140872663
2,45,2011,"19",103804,103350,454,0.4373627220531
2,45,2011,"20",96811,96290,521,0.538161985724763
2,45,2011,"21",159080,159127,47,0.0295448830776968
2,45,2011,"22",160761,161079,318,0.197809170134548
2,45,2011,"23",52411,52543,132,0.25185552651161
2,45,2011,"24",234925,235313,388,0.165159093327658
2,45,2011,"25",258311,259195,884,0.342223134129015
2,45,2011,"26",362716,363475,759,0.209254623451957
2,45,2011,"27",195068,194691,377,0.193265938031866
2,45,2011,"28",103454,103553,99,0.0956947048929959
2,45,2011,"29",214985,214566,419,0.194897318417564
2,45,2011,"30",33638,33404,234,0.695641833640526
2,45,2011,"31",61298,60983,315,0.513882997813958
2,45,2011,"32",92682,93135,453,0.488768045575193
2,45,2011,"33",55301,55220,81,0.146471130720963
2,45,2011,"34",352879,354394,1515,0.429325632865657
2,45,2011,"35",70132,69758,374,0.533280100382137
2,45,2011,"36",733628,737151,3523,0.480216131336318
2,45,2011,"37",351608,352567,959,0.272746922709381
2,45,2011,"38",21878,21746,132,0.603345826858031
2,45,2011,"39",417839,417789,50,0.0119663315296083
2,45,2011,"40",125718,125487,231,0.183744571183124
2,45,2011,"41",127655,127909,254,0.198973796561043
2,45,2011,"42",470668,470792,124,0.0263455344319138
2,45,2011,"44",40526,40669,143,0.352859892414746
2,45,2011,"45",168078,168253,175,0.104118326015302
2,45,2011,"46",27018,26880,138,0.510770597379525
2,45,2011,"47",233868,234220,352,0.150512254776199
2,45,2011,"48",874553,874530,23,0.00262991493940333
2,45,2011,"49",75467,75549,82,0.108656763883552
2,45,2011,"50",24315,24342,27,0.111042566317088
2,45,2011,"51",309635,310113,478,0.154375312868377
2,45,2011,"53",238242,237929,313,0.131379017973321
2,45,2011,"54",64668,64854,186,0.287622935609575
2,45,2011,"55",210889,210770,119,0.0564277890264547
2,45,2011,"56",18438,18303,135,0.732183534005857
2,50,2011,"01",179833,180073,240,0.133457151913164
2,50,2011,"02",26617,26972,355,1.33373407972348
2,50,2011,"04",216608,216814,206,0.0951026739547939
2,50,2011,"05",103568,103553,15,0.0144832380658118
2,50,2011,"06",1313640,1317335,3695,0.28127949818824
2,50,2011,"08",189136,189064,72,0.0380678453599526
2,50,2011,"09",147061,147428,367,0.249556306566663
2,50,2011,"10",34829,34847,18,0.0516810703723908
2,50,2011,"11",18970,19072,102,0.537691091196626
2,50,2011,"12",704116,707661,3545,0.503468178538763
2,50,2011,"13",349974,351356,1382,0.394886477281169
2,50,2011,"15",48388,48439,51,0.105398032570059
2,50,2011,"16",53804,53661,143,0.265779495948257
2,50,2011,"17",478218,478608,390,0.0815527646387213
2,50,2011,"18",241343,241309,34,0.014087833498382
2,50,2011,"19",112455,112272,183,0.162731759370415
2,50,2011,"20",104456,104131,325,0.31113578923183
2,50,2011,"21",164452,164556,104,0.06324033760611
2,50,2011,"22",169182,169607,425,0.251208757432824
2,50,2011,"23",56977,57075,98,0.171999227758569
2,50,2011,"24",233504,234035,531,0.227405097985473
2,50,2011,"25",258713,259417,704,0.272116205988876
2,50,2011,"26",388893,388648,245,0.0629993340070405
2,50,2011,"27",204965,205190,225,0.109774839606762
2,50,2011,"28",108166,108121,45,0.0416027217425069
2,50,2011,"29",228428,228423,5,0.00218887351813263
2,50,2011,"30",39751,39543,208,0.523257276546502
2,50,2011,"31",65780,65734,46,0.0699300699300699
2,50,2011,"32",91303,91524,221,0.242051192184266
2,50,2011,"33",57711,57637,74,0.128225121727227
2,50,2011,"34",350339,351323,984,0.28087081369759
2,50,2011,"35",75936,75872,64,0.0842815002107038
2,50,2011,"36",739547,741562,2015,0.272464089503439
2,50,2011,"37",351582,352071,489,0.139085618717682
2,50,2011,"38",24998,24870,128,0.512040963277062
2,50,2011,"39",453147,452471,676,0.149178964000644
2,50,2011,"40",135417,135288,129,0.0952613039721748
2,50,2011,"41",140790,140576,214,0.151999431777825
2,50,2011,"42",502843,502215,628,0.124889876164131
2,50,2011,"44",42168,42239,71,0.168374122557389
2,50,2011,"45",171539,171499,40,0.0233183124537277
2,50,2011,"46",29913,29825,88,0.294186474108247
2,50,2011,"47",239024,238959,65,0.0271939219492603
2,50,2011,"48",866459,867054,595,0.0686703006143395
2,50,2011,"49",77990,77940,50,0.0641107834337736
2,50,2011,"50",26834,26802,32,0.119251695610047
2,50,2011,"51",307738,308035,297,0.0965106681657774
2,50,2011,"53",250838,250117,721,0.287436512809064
2,50,2011,"54",71917,71663,254,0.353184921506737
2,50,2011,"55",221482,221816,334,0.150802322536369
2,50,2011,"56",21647,21564,83,0.383424954959117
2,5,2011,"01",149593,149588,5,0.00334240238513834
2,5,2011,"02",24695,25044,349,1.41324154687184
2,5,2011,"04",221513,220493,1020,0.460469588692312
2,5,2011,"05",96637,96666,29,0.0300092097229839
2,5,2011,"06",1233222,1230686,2536,0.205640184816683
2,5,2011,"08",171625,171727,102,0.0594319009468318
2,5,2011,"09",107137,107332,195,0.18200994987726
2,5,2011,"10",27639,27692,53,0.191758023083324
2,5,2011,"11",13627,13325,302,2.21618844940192
2,5,2011,"12",528636,530564,1928,0.364712202725505
2,5,2011,"13",340786,340795,9,0.00264095356029884
2,5,2011,"15",40673,40601,72,0.17702161138839
2,5,2011,"16",59086,59223,137,0.231865416511526
2,5,2011,"17",416876,416210,666,0.159759736708278
2,5,2011,"18",215265,215611,346,0.160732120874271
2,5,2011,"19",98162,98523,361,0.367759418104766
2,5,2011,"20",98866,99299,433,0.437966540570065
2,5,2011,"21",137692,138231,539,0.391453388722656
2,5,2011,"22",149734,150093,359,0.239758505082346
2,5,2011,"23",35538,35630,92,0.258877820924081
2,5,2011,"24",179802,179889,87,0.0483865585477358
2,5,2011,"25",187351,187653,302,0.161194762771482
2,5,2011,"26",304676,304856,180,0.0590791529362339
2,5,2011,"27",174033,174804,771,0.443019427349985
2,5,2011,"28",100518,100586,68,0.0676495752004616
2,5,2011,"29",189768,190396,628,0.330930399224316
2,5,2011,"30",29910,30042,132,0.441323971915747
2,5,2011,"31",63458,63633,175,0.275772952188849
2,5,2011,"32",89757,89308,449,0.500239535635104
2,5,2011,"33",37401,37501,100,0.267372530146253
2,5,2011,"34",273981,274267,286,0.104386800544563
2,5,2011,"35",71622,71004,618,0.862863366004859
2,5,2011,"36",564520,565441,921,0.163147452703181
2,5,2011,"37",311611,311133,478,0.153396382027592
2,5,2011,"38",20201,20409,208,1.02965199742587
2,5,2011,"39",360698,361110,412,0.114222978780032
2,5,2011,"40",127469,127606,137,0.107477112082153
2,5,2011,"41",115759,115773,14,0.0120940920360404
2,5,2011,"42",366495,366708,213,0.0581181189375026
2,5,2011,"44",29230,29274,44,0.150530277112556
2,5,2011,"45",145734,145824,90,0.0617563506113879
2,5,2011,"46",27556,27739,183,0.664102191900131
2,5,2011,"47",201748,201945,197,0.0976465689870532
2,5,2011,"48",957305,954063,3242,0.338659048056784
2,5,2011,"49",123691,123776,85,0.0687196319861591
2,5,2011,"50",16539,16622,83,0.5018441260052
2,5,2011,"51",252249,252524,275,0.109019262712637
2,5,2011,"53",210903,211595,692,0.328112923950821
2,5,2011,"54",51247,51416,169,0.329775401486916
2,5,2011,"55",179029,179210,181,0.101100938954024
2,5,2011,"56",18324,18545,221,1.20606854398603
2,55,2011,"01",166846,166871,25,0.0149838773479736
2,55,2011,"02",24048,24524,476,1.979374584165
2,55,2011,"04",201905,201955,50,0.0247641217404225
2,55,2011,"05",97332,97237,95,0.0976040767681749
2,55,2011,"06",1172388,1175391,3003,0.256143870459268
2,55,2011,"08",172356,172287,69,0.0400334192021165
2,55,2011,"09",128227,128646,419,0.326764254018264
2,55,2011,"10",31761,31764,3,0.00944554642486068
2,55,2011,"11",18753,18764,11,0.0586572815016264
2,55,2011,"12",652308,655068,2760,0.423113007965562
2,55,2011,"13",310336,310742,406,0.130825943493504
2,55,2011,"15",47574,47517,57,0.119813343422878
2,55,2011,"16",50341,50226,115,0.228442025386862
2,55,2011,"17",427010,427590,580,0.135828200744713
2,55,2011,"18",219492,219472,20,0.00911194941045687
2,55,2011,"19",104635,104317,318,0.303913604434463
2,55,2011,"20",94807,94645,162,0.170873458710855
2,55,2011,"21",151911,151668,243,0.159962083061793
2,55,2011,"22",155274,155573,299,0.192562824426498
2,55,2011,"23",53907,53897,10,0.0185504665442336
2,55,2011,"24",204706,205035,329,0.16071829843776
2,55,2011,"25",230948,231358,410,0.177529140758959
2,55,2011,"26",357995,358719,724,0.202237461417059
2,55,2011,"27",180833,180783,50,0.0276498205526646
2,55,2011,"28",99699,99711,12,0.0120362290494388
2,55,2011,"29",206774,206841,67,0.0324025264298219
2,55,2011,"30",39040,38966,74,0.189549180327869
2,55,2011,"31",61025,60748,277,0.45391233101188
2,55,2011,"32",85640,85897,257,0.300093414292387
2,55,2011,"33",50069,50142,73,0.14579879765923
2,55,2011,"34",302900,304196,1296,0.42786398151205
2,55,2011,"35",72771,72532,239,0.328427532945816
2,55,2011,"36",660627,661815,1188,0.179829162295819
2,55,2011,"37",325776,325359,417,0.128002062767055
2,55,2011,"38",23188,23158,30,0.129377264102122
2,55,2011,"39",413290,413307,17,0.00411333446248397
2,55,2011,"40",124358,124289,69,0.0554849708100806
2,55,2011,"41",142700,142409,291,0.203924316748423
2,55,2011,"42",462067,462009,58,0.0125522922000489
2,55,2011,"44",37854,38006,152,0.401542769588419
2,55,2011,"45",164610,164306,304,0.184678938096106
2,55,2011,"46",27866,27791,75,0.269145194861121
2,55,2011,"47",222843,222726,117,0.0525033319422194
2,55,2011,"48",761810,762799,989,0.129822396660585
2,55,2011,"49",70107,70128,21,0.0299542128460781
2,55,2011,"50",25172,25194,22,0.0873986969648816
2,55,2011,"51",274416,274661,245,0.0892805084251647
2,55,2011,"53",237887,237454,433,0.182019193987061
2,55,2011,"54",71314,71097,217,0.304288078077236
2,55,2011,"55",198795,198649,146,0.0734424910083252
2,55,2011,"56",20538,20557,19,0.0925114422046937
2,60,2011,"01",151793,151889,96,0.0632440231104201
2,60,2011,"02",17690,18204,514,2.9055963821368
2,60,2011,"04",194788,194669,119,0.0610920590590796
2,60,2011,"05",91201,90992,209,0.229164153901821
2,60,2011,"06",1009681,1011927,2246,0.222446495477284
2,60,2011,"08",147354,147684,330,0.22395048658333
2,60,2011,"09",110972,110898,74,0.0666834877266337
2,60,2011,"10",29754,29786,32,0.107548564898837
2,60,2011,"11",17286,17294,8,0.0462802267731112
2,60,2011,"12",632514,633238,724,0.114463869574428
2,60,2011,"13",277573,277705,132,0.0475550575884542
2,60,2011,"15",43061,43327,266,0.617728338868117
2,60,2011,"16",44801,44948,147,0.328117675944733
2,60,2011,"17",368404,369187,783,0.212538408920641
2,60,2011,"18",192927,193048,121,0.0627180228791201
2,60,2011,"19",90707,90984,277,0.305378857199555
2,60,2011,"20",80439,80492,53,0.0658884372008603
2,60,2011,"21",137209,137227,18,0.0131186729733472
2,60,2011,"22",134628,134975,347,0.257747273969754
2,60,2011,"23",48393,48647,254,0.524869299278821
2,60,2011,"24",178299,178016,283,0.158722146506711
2,60,2011,"25",205447,205576,129,0.0627899166208317
2,60,2011,"26",312542,313645,1103,0.352912568550787
2,60,2011,"27",152179,153125,946,0.621636362441598
2,60,2011,"28",88401,88552,151,0.170812547369374
2,60,2011,"29",184118,184321,203,0.110255379702148
2,60,2011,"30",33107,33239,132,0.398707222037636
2,60,2011,"31",52225,52420,195,0.373384394447104
2,60,2011,"32",80448,80473,25,0.0310759745425617
2,60,2011,"33",44032,44018,14,0.0317950581395349
2,60,2011,"34",265121,264691,430,0.162190094334285
2,60,2011,"35",65634,65743,109,0.166072462443246
2,60,2011,"36",593507,593514,7,0.00117943006569425
2,60,2011,"37",299232,298975,257,0.085886536199337
2,60,2011,"38",18700,18749,49,0.262032085561497
2,60,2011,"39",368099,368339,240,0.0651998511270066
2,60,2011,"40",111357,111193,164,0.147274082455526
2,60,2011,"41",129247,129849,602,0.465774834232129
2,60,2011,"42",409210,409131,79,0.0193054910681557
2,60,2011,"44",32522,32470,52,0.159891765574073
2,60,2011,"45",156529,156073,456,0.291319819330603
2,60,2011,"46",23155,23340,185,0.798963506801987
2,60,2011,"47",203486,203321,165,0.0810866595244882
2,60,2011,"48",649735,650489,754,0.116047311596266
2,60,2011,"49",58917,59041,124,0.210465570208938
2,60,2011,"50",22090,22218,128,0.579447713897691
2,60,2011,"51",243362,242888,474,0.194771574855565
2,60,2011,"53",208864,208861,3,0.00143634135130994
2,60,2011,"54",67209,67334,125,0.185986995789254
2,60,2011,"55",168987,169899,912,0.539686484759183
2,60,2011,"56",17014,17053,39,0.229222992829435
2,65,2011,"01",114766,114752,14,0.0121987348169318
2,65,2011,"02",10815,11238,423,3.91123439667129
2,65,2011,"04",155441,155059,382,0.245752407665931
2,65,2011,"05",71467,71104,363,0.507926735416346
2,65,2011,"06",725492,729356,3864,0.532604081092555
2,65,2011,"08",100051,100578,527,0.526731367002829
2,65,2011,"09",81867,82179,312,0.381105940122394
2,65,2011,"10",23185,23218,33,0.142333405218892
2,65,2011,"11",12324,12282,42,0.340798442064265
2,65,2011,"12",524408,524384,24,0.00457658922060686
2,65,2011,"13",199137,198779,358,0.179775732284809
2,65,2011,"15",32011,32200,189,0.590422042422917
2,65,2011,"16",33548,33462,86,0.25634911172052
2,65,2011,"17",265807,265565,242,0.0910435014879217
2,65,2011,"18",139816,139666,150,0.107283858785833
2,65,2011,"19",65651,65646,5,0.00761603022040791
2,65,2011,"20",57652,57547,105,0.182127246236037
2,65,2011,"21",99918,99594,324,0.32426589803639
2,65,2011,"22",97852,97717,135,0.137963455013694
2,65,2011,"23",34807,34738,69,0.198235987014106
2,65,2011,"24",126124,126513,389,0.308426627763154
2,65,2011,"25",147108,147636,528,0.358919977159638
2,65,2011,"26",224909,225047,138,0.0613581492959375
2,65,2011,"27",108257,108246,11,0.0101610057548242
2,65,2011,"28",65417,65383,34,0.051974257456013
2,65,2011,"29",138317,137715,602,0.435232111743314
2,65,2011,"30",23797,23769,28,0.117661890154221
2,65,2011,"31",36470,36388,82,0.224842336166712
2,65,2011,"32",61254,61227,27,0.0440787540405525
2,65,2011,"33",30729,30731,2,0.00650850987666374
2,65,2011,"34",195781,196542,761,0.388699618451229
2,65,2011,"35",47852,47808,44,0.0919501797208058
2,65,2011,"36",433305,435028,1723,0.397641384244354
2,65,2011,"37",223924,224237,313,0.139779568067737
2,65,2011,"38",13615,13617,2,0.0146896804994491
2,65,2011,"39",258577,258543,34,0.013148887952138
2,65,2011,"40",85770,85414,356,0.415063542031013
2,65,2011,"41",92126,92295,169,0.183444413086425
2,65,2011,"42",299823,299949,126,0.042024794628831
2,65,2011,"44",23586,23601,15,0.0635970490969219
2,65,2011,"45",118776,118766,10,0.00841920926786556
2,65,2011,"46",16957,16892,65,0.383322521672466
2,65,2011,"47",151670,151263,407,0.268345750642843
2,65,2011,"48",468649,469096,447,0.0953805513294598
2,65,2011,"49",43187,43163,24,0.0555722786949777
2,65,2011,"50",15596,15650,54,0.34624262631444
2,65,2011,"51",175412,175973,561,0.319818484482248
2,65,2011,"53",147842,147858,16,0.0108223644160658
2,65,2011,"54",47822,47802,20,0.0418217556773033
2,65,2011,"55",121123,121541,418,0.345103737523014
2,65,2011,"56",11735,11713,22,0.187473370259906
2,70,2011,"01",90703,90626,77,0.0848924511868406
2,70,2011,"02",6749,7022,273,4.04504371017929
2,70,2011,"04",118810,119190,380,0.319838397441293
2,70,2011,"05",55931,55926,5,0.00893958627594715
2,70,2011,"06",548394,549974,1580,0.288114020211746
2,70,2011,"08",71376,71602,226,0.316633041918852
2,70,2011,"09",59747,59887,140,0.234321388521599
2,70,2011,"10",17289,17341,52,0.300769275261727
2,70,2011,"11",9055,8979,76,0.839315295416897
2,70,2011,"12",424514,424930,416,0.0979944124339833
2,70,2011,"13",144441,144246,195,0.135003219307537
2,70,2011,"15",22907,23058,151,0.659187148033352
2,70,2011,"16",24934,24936,2,0.00802117590438758
2,70,2011,"17",205772,205925,153,0.0743541395330754
2,70,2011,"18",108418,108438,20,0.018447121326717
2,70,2011,"19",54801,54597,204,0.372255980730279
2,70,2011,"20",45674,45604,70,0.153260060428252
2,70,2011,"21",78443,78344,99,0.12620628991752
2,70,2011,"22",76099,75946,153,0.201053890327074
2,70,2011,"23",26095,26144,49,0.187775435907262
2,70,2011,"24",91577,91894,317,0.346156786092578
2,70,2011,"25",109134,109315,181,0.16585115546026
2,70,2011,"26",169997,170231,234,0.13764948793214
2,70,2011,"27",84135,84162,27,0.0320912818684257
2,70,2011,"28",52890,52768,122,0.230667422953299
2,70,2011,"29",107833,107664,169,0.156723822948448
2,70,2011,"30",18294,18232,62,0.338908931890237
2,70,2011,"31",29743,29599,144,0.484147530511381
2,70,2011,"32",44235,44289,54,0.122075279755849
2,70,2011,"33",21685,21706,21,0.0968411344247175
2,70,2011,"34",148064,148387,323,0.218148908580073
2,70,2011,"35",36324,36340,16,0.0440480123334435
2,70,2011,"36",335239,336059,820,0.244601612580875
2,70,2011,"37",167394,167489,95,0.0567523328195754
2,70,2011,"38",11170,11146,24,0.214861235452104
2,70,2011,"39",209203,208805,398,0.190245837774793
2,70,2011,"40",67004,66955,49,0.0731299623903051
2,70,2011,"41",66747,66766,19,0.0284656988329063
2,70,2011,"42",238213,237920,293,0.122999164613182
2,70,2011,"44",17641,17613,28,0.15872116093192
2,70,2011,"45",87676,87360,316,0.360417902276564
2,70,2011,"46",13677,13626,51,0.372888791401623
2,70,2011,"47",116126,115887,239,0.205810929507604
2,70,2011,"48",349749,349917,168,0.0480344475609652
2,70,2011,"49",32509,32455,54,0.166107847057738
2,70,2011,"50",11190,11197,7,0.0625558534405719
2,70,2011,"51",129778,129915,137,0.105564887731357
2,70,2011,"53",103683,103362,321,0.309597523219814
2,70,2011,"54",39069,38952,117,0.299470168164018
2,70,2011,"55",94467,94826,359,0.380026887696233
2,70,2011,"56",8774,8745,29,0.330521996808753
2,75,2011,"01",71417,71445,28,0.0392063514289315
2,75,2011,"02",4750,4905,155,3.26315789473684
2,75,2011,"04",88347,88356,9,0.0101871031274407
2,75,2011,"05",44211,44063,148,0.33475831806564
2,75,2011,"06",434289,435919,1630,0.375326107730106
2,75,2011,"08",54347,54395,48,0.0883213424844058
2,75,2011,"09",50355,50313,42,0.0834078045874292
2,75,2011,"10",13292,13287,5,0.0376166114956365
2,75,2011,"11",7126,7097,29,0.406960426606792
2,75,2011,"12",338806,339768,962,0.283938300974599
2,75,2011,"13",108959,108734,225,0.206499692544902
2,75,2011,"15",19510,19332,178,0.912352639671963
2,75,2011,"16",18638,18670,32,0.17169224165683
2,75,2011,"17",165652,165655,3,0.00181102552338638
2,75,2011,"18",86833,86884,51,0.0587334308385061
2,75,2011,"19",47009,47062,53,0.112744368099726
2,75,2011,"20",38781,38604,177,0.456409066295351
2,75,2011,"21",60770,60624,146,0.240250123416159
2,75,2011,"22",59950,59742,208,0.346955796497081
2,75,2011,"23",21438,21409,29,0.135273812855677
2,75,2011,"24",71890,71793,97,0.134928362776464
2,75,2011,"25",92075,92033,42,0.0456149877816997
2,75,2011,"26",138041,137801,240,0.173861389007614
2,75,2011,"27",68029,68147,118,0.173455438121977
2,75,2011,"28",41346,41419,73,0.176558796497847
2,75,2011,"29",87820,87397,423,0.481667046230927
2,75,2011,"30",13738,13785,47,0.342116756441986
2,75,2011,"31",25873,25756,117,0.452208866385808
2,75,2011,"32",30742,30956,214,0.696116062715503
2,75,2011,"33",17555,17498,57,0.324693819424665
2,75,2011,"34",123605,123300,305,0.246753772096598
2,75,2011,"35",27855,27894,39,0.140010770059235
2,75,2011,"36",273124,273604,480,0.175744350551398
2,75,2011,"37",132284,132421,137,0.103565056998579
2,75,2011,"38",10166,10206,40,0.393468424158961
2,75,2011,"39",169827,169600,227,0.13366543600252
2,75,2011,"40",54045,53970,75,0.138773244518457
2,75,2011,"41",50727,50633,94,0.185305655765174
2,75,2011,"42",204377,203888,489,0.239263713627267
2,75,2011,"44",15084,15038,46,0.304958896844338
2,75,2011,"45",65903,65814,89,0.135046962960715
2,75,2011,"46",11993,12012,19,0.158425748353206
2,75,2011,"47",90847,90500,347,0.381960879280549
2,75,2011,"48",274617,274602,15,0.00546215274363932
2,75,2011,"49",25454,25529,75,0.294649171053665
2,75,2011,"50",8804,8781,23,0.26124488868696
2,75,2011,"51",100130,100087,43,0.0429441725756517
2,75,2011,"53",78940,78721,219,0.277425893083354
2,75,2011,"54",31250,31282,32,0.1024
2,75,2011,"55",78354,78715,361,0.460729509661281
2,75,2011,"56",6855,6832,23,0.335521517140773
2,80,2011,"01",55509,55555,46,0.0828694445945703
2,80,2011,"02",3389,3533,144,4.24904101504869
2,80,2011,"04",68308,68373,65,0.0951572290214909
2,80,2011,"05",33945,33937,8,0.0235675357195463
2,80,2011,"06",358351,358309,42,0.0117203523919286
2,80,2011,"08",43997,43948,49,0.111371229856581
2,80,2011,"09",46175,46035,140,0.303194369247428
2,80,2011,"10",10312,10280,32,0.310318076027929
2,80,2011,"11",6066,5996,70,1.15397296406198
2,80,2011,"12",279526,279566,40,0.0143099389681103
2,80,2011,"13",81242,81142,100,0.123089042613427
2,80,2011,"15",18029,17917,112,0.62122136557768
2,80,2011,"16",14630,14663,33,0.225563909774436
2,80,2011,"17",142728,142452,276,0.193374810828989
2,80,2011,"18",73583,73478,105,0.142696003152902
2,80,2011,"19",41436,41535,99,0.23892267593397
2,80,2011,"20",33693,33814,121,0.359125040809664
2,80,2011,"21",48137,48141,4,0.00830961630346719
2,80,2011,"22",47610,47595,15,0.0315059861373661
2,80,2011,"23",18211,18181,30,0.164735599363022
2,80,2011,"24",59814,59705,109,0.182231584578861
2,80,2011,"25",83665,83593,72,0.0860574911850834
2,80,2011,"26",119397,119062,335,0.280576563900265
2,80,2011,"27",58963,58874,89,0.150942116242389
2,80,2011,"28",32446,32419,27,0.0832151883128891
2,80,2011,"29",71480,71460,20,0.0279798545047566
2,80,2011,"30",11624,11626,2,0.0172057811424639
2,80,2011,"31",22411,22425,14,0.0624693231002633
2,80,2011,"32",22056,22018,38,0.172288719622778
2,80,2011,"33",14963,14877,86,0.574751052596404
2,80,2011,"34",108546,108707,161,0.14832421277615
2,80,2011,"35",21046,21020,26,0.123538914758149
2,80,2011,"36",237918,237864,54,0.0226968955690616
2,80,2011,"37",102139,102141,2,0.00195811590088017
2,80,2011,"38",9113,9156,43,0.471853396247119
2,80,2011,"39",146894,146324,570,0.388034909526597
2,80,2011,"40",41237,41256,19,0.0460751267065984
2,80,2011,"41",42769,42491,278,0.650003507213168
2,80,2011,"42",187326,187040,286,0.152675015747947
2,80,2011,"44",14869,14669,200,1.34508036855202
2,80,2011,"45",48420,48190,230,0.475010326311442
2,80,2011,"46",10582,10591,9,0.085050085050085
2,80,2011,"47",69118,69407,289,0.418125524465407
2,80,2011,"48",211350,211409,59,0.0279157795126567
2,80,2011,"49",19651,19604,47,0.239173578952725
2,80,2011,"50",7485,7532,47,0.627922511690047
2,80,2011,"51",79805,79932,127,0.159137898627906
2,80,2011,"53",65707,65401,306,0.465703806291567
2,80,2011,"54",25734,25663,71,0.275899588093573
2,80,2011,"55",69399,69482,83,0.119598265104685
2,80,2011,"56",5352,5362,10,0.186846038863976
2,85,2011,"01",53998,53733,265,0.490758916996926
2,85,2011,"02",3216,3275,59,1.83457711442786
2,85,2011,"04",69379,68615,764,1.1011977687773
2,85,2011,"05",35637,35341,296,0.830597412801302
2,85,2011,"06",410221,407275,2946,0.718149485277448
2,85,2011,"08",49003,48614,389,0.793828949248005
2,85,2011,"09",59186,58552,634,1.07119927009766
2,85,2011,"10",10834,10837,3,0.0276906036551597
2,85,2011,"11",7463,7440,23,0.308187056143642
2,85,2011,"12",296467,295742,725,0.244546610583977
2,85,2011,"13",83791,83039,752,0.897471088780418
2,85,2011,"15",20498,20332,166,0.809835105863987
2,85,2011,"16",16779,16471,308,1.83562786816854
2,85,2011,"17",166261,165578,683,0.410799886924775
2,85,2011,"18",82024,81572,452,0.551058226860431
2,85,2011,"19",52299,51938,361,0.690261764087267
2,85,2011,"20",41003,40456,547,1.33404872814184
2,85,2011,"21",49273,49058,215,0.436344448277962
2,85,2011,"22",46348,46143,205,0.442306032622767
2,85,2011,"23",20099,19925,174,0.865714712174735
2,85,2011,"24",69712,69421,291,0.417431719072757
2,85,2011,"25",102905,101832,1073,1.04270929498081
2,85,2011,"26",134442,133362,1080,0.803320390949257
2,85,2011,"27",74391,73685,706,0.949039534352274
2,85,2011,"28",31896,31978,82,0.257085527965889
2,85,2011,"29",79887,79287,600,0.751060873483796
2,85,2011,"30",13334,13178,156,1.16994150292485
2,85,2011,"31",27084,26891,193,0.712597843745385
2,85,2011,"32",20780,20587,193,0.928777670837344
2,85,2011,"33",17242,17181,61,0.353787263658508
2,85,2011,"34",126483,125599,884,0.698908153664919
2,85,2011,"35",21684,21382,302,1.39273196827154
2,85,2011,"36",275849,274435,1414,0.512599284391098
2,85,2011,"37",106651,106438,213,0.199716833409907
2,85,2011,"38",11499,11469,30,0.26089225150013
2,85,2011,"39",162763,161291,1472,0.904382445641823
2,85,2011,"40",42726,42176,550,1.28727238683705
2,85,2011,"41",52814,52314,500,0.946718673079108
2,85,2011,"42",216269,214871,1398,0.646417193402661
2,85,2011,"44",18985,18709,276,1.45377929944693
2,85,2011,"45",51077,50637,440,0.861444485776377
2,85,2011,"46",13335,13245,90,0.674915635545557
2,85,2011,"47",72266,71638,628,0.869011706750062
2,85,2011,"48",214548,213782,766,0.357029662359938
2,85,2011,"49",20478,20260,218,1.0645570856529
2,85,2011,"50",9064,8948,116,1.27978817299206
2,85,2011,"51",87289,86773,516,0.591139777062402
2,85,2011,"53",80304,79136,1168,1.45447300259016
2,85,2011,"54",24870,24787,83,0.333735424205871
2,85,2011,"55",82928,82216,712,0.858576114219564
2,85,2011,"56",5747,5740,7,0.121802679658953
